[
  {
    "frequency": 1,
    "overriddenMethods": []
  },
  {
    "frequency": 56,
    "overriddenMethods": [
      "Lorg/eclipse/swt/dnd/ByteArrayTransfer.javaToNative(Ljava/lang/Object;Lorg/eclipse/swt/dnd/TransferData;)V",
      "Lorg/eclipse/swt/dnd/ByteArrayTransfer.nativeToJava(Lorg/eclipse/swt/dnd/TransferData;)Ljava/lang/Object;",
      "Lorg/eclipse/swt/dnd/Transfer.getTypeIds()[I",
      "Lorg/eclipse/swt/dnd/Transfer.getTypeNames()[Ljava/lang/String;"
    ]
  },
  {
    "frequency": 1,
    "overriddenMethods": [
      "Lorg/eclipse/swt/dnd/Transfer.getTypeIds()[I",
      "Lorg/eclipse/swt/dnd/Transfer.getTypeNames()[Ljava/lang/String;"
    ]
  },
  {
    "frequency": 1,
    "overriddenMethods": [
      "Lorg/eclipse/swt/dnd/ByteArrayTransfer.isSupportedType(Lorg/eclipse/swt/dnd/TransferData;)Z",
      "Lorg/eclipse/swt/dnd/Transfer.getTypeIds()[I",
      "Lorg/eclipse/swt/dnd/Transfer.getTypeNames()[Ljava/lang/String;"
    ]
  },
  {
    "frequency": 1,
    "overriddenMethods": [
      "Ljava/lang/Object.toString()Ljava/lang/String;",
      "Lorg/eclipse/swt/dnd/ByteArrayTransfer.javaToNative(Ljava/lang/Object;Lorg/eclipse/swt/dnd/TransferData;)V",
      "Lorg/eclipse/swt/dnd/ByteArrayTransfer.nativeToJava(Lorg/eclipse/swt/dnd/TransferData;)Ljava/lang/Object;",
      "Lorg/eclipse/swt/dnd/Transfer.getTypeIds()[I",
      "Lorg/eclipse/swt/dnd/Transfer.getTypeNames()[Ljava/lang/String;"
    ]
  },
  {
    "frequency": 6,
    "overriddenMethods": [
      "Lorg/eclipse/swt/dnd/ByteArrayTransfer.javaToNative(Ljava/lang/Object;Lorg/eclipse/swt/dnd/TransferData;)V",
      "Lorg/eclipse/swt/dnd/ByteArrayTransfer.nativeToJava(Lorg/eclipse/swt/dnd/TransferData;)Ljava/lang/Object;",
      "Lorg/eclipse/swt/dnd/Transfer.getTypeIds()[I",
      "Lorg/eclipse/swt/dnd/Transfer.getTypeNames()[Ljava/lang/String;",
      "Lorg/eclipse/swt/dnd/Transfer.validate(Ljava/lang/Object;)Z"
    ]
  }
]