[
  {
    "frequency": 6,
    "overriddenMethods": [
      "Lorg/eclipse/swt/dnd/DragSourceAdapter.dragFinished(Lorg/eclipse/swt/dnd/DragSourceEvent;)V",
      "Lorg/eclipse/swt/dnd/DragSourceAdapter.dragSetData(Lorg/eclipse/swt/dnd/DragSourceEvent;)V"
    ]
  },
  {
    "frequency": 52,
    "overriddenMethods": [
      "Lorg/eclipse/swt/dnd/DragSourceAdapter.dragFinished(Lorg/eclipse/swt/dnd/DragSourceEvent;)V",
      "Lorg/eclipse/swt/dnd/DragSourceAdapter.dragSetData(Lorg/eclipse/swt/dnd/DragSourceEvent;)V",
      "Lorg/eclipse/swt/dnd/DragSourceAdapter.dragStart(Lorg/eclipse/swt/dnd/DragSourceEvent;)V"
    ]
  },
  {
    "frequency": 3,
    "overriddenMethods": [
      "Lorg/eclipse/swt/dnd/DragSourceAdapter.dragStart(Lorg/eclipse/swt/dnd/DragSourceEvent;)V"
    ]
  },
  {
    "frequency": 12,
    "overriddenMethods": [
      "Lorg/eclipse/swt/dnd/DragSourceAdapter.dragSetData(Lorg/eclipse/swt/dnd/DragSourceEvent;)V"
    ]
  },
  {
    "frequency": 4,
    "overriddenMethods": [
      "Lorg/eclipse/swt/dnd/DragSourceAdapter.dragFinished(Lorg/eclipse/swt/dnd/DragSourceEvent;)V",
      "Lorg/eclipse/swt/dnd/DragSourceAdapter.dragStart(Lorg/eclipse/swt/dnd/DragSourceEvent;)V"
    ]
  },
  {
    "frequency": 20,
    "overriddenMethods": [
      "Lorg/eclipse/swt/dnd/DragSourceAdapter.dragSetData(Lorg/eclipse/swt/dnd/DragSourceEvent;)V",
      "Lorg/eclipse/swt/dnd/DragSourceAdapter.dragStart(Lorg/eclipse/swt/dnd/DragSourceEvent;)V"
    ]
  }
]