[
  {
    "frequency": 1,
    "overriddenMethods": []
  },
  {
    "frequency": 2,
    "overriddenMethods": [
      "Lorg/eclipse/swt/accessibility/AccessibleControlAdapter.getRole(Lorg/eclipse/swt/accessibility/AccessibleControlEvent;)V",
      "Lorg/eclipse/swt/accessibility/AccessibleControlAdapter.getValue(Lorg/eclipse/swt/accessibility/AccessibleControlEvent;)V"
    ]
  },
  {
    "frequency": 2,
    "overriddenMethods": [
      "Lorg/eclipse/swt/accessibility/AccessibleControlAdapter.getChildAtPoint(Lorg/eclipse/swt/accessibility/AccessibleControlEvent;)V",
      "Lorg/eclipse/swt/accessibility/AccessibleControlAdapter.getChildCount(Lorg/eclipse/swt/accessibility/AccessibleControlEvent;)V",
      "Lorg/eclipse/swt/accessibility/AccessibleControlAdapter.getDefaultAction(Lorg/eclipse/swt/accessibility/AccessibleControlEvent;)V",
      "Lorg/eclipse/swt/accessibility/AccessibleControlAdapter.getLocation(Lorg/eclipse/swt/accessibility/AccessibleControlEvent;)V",
      "Lorg/eclipse/swt/accessibility/AccessibleControlAdapter.getRole(Lorg/eclipse/swt/accessibility/AccessibleControlEvent;)V",
      "Lorg/eclipse/swt/accessibility/AccessibleControlAdapter.getState(Lorg/eclipse/swt/accessibility/AccessibleControlEvent;)V"
    ]
  },
  {
    "frequency": 22,
    "overriddenMethods": [
      "Lorg/eclipse/swt/accessibility/AccessibleControlAdapter.getChildAtPoint(Lorg/eclipse/swt/accessibility/AccessibleControlEvent;)V",
      "Lorg/eclipse/swt/accessibility/AccessibleControlAdapter.getChildCount(Lorg/eclipse/swt/accessibility/AccessibleControlEvent;)V",
      "Lorg/eclipse/swt/accessibility/AccessibleControlAdapter.getLocation(Lorg/eclipse/swt/accessibility/AccessibleControlEvent;)V",
      "Lorg/eclipse/swt/accessibility/AccessibleControlAdapter.getRole(Lorg/eclipse/swt/accessibility/AccessibleControlEvent;)V",
      "Lorg/eclipse/swt/accessibility/AccessibleControlAdapter.getState(Lorg/eclipse/swt/accessibility/AccessibleControlEvent;)V",
      "Lorg/eclipse/swt/accessibility/AccessibleControlAdapter.getValue(Lorg/eclipse/swt/accessibility/AccessibleControlEvent;)V"
    ]
  },
  {
    "frequency": 2,
    "overriddenMethods": [
      "Lorg/eclipse/swt/accessibility/AccessibleControlAdapter.getFocus(Lorg/eclipse/swt/accessibility/AccessibleControlEvent;)V",
      "Lorg/eclipse/swt/accessibility/AccessibleControlAdapter.getRole(Lorg/eclipse/swt/accessibility/AccessibleControlEvent;)V",
      "Lorg/eclipse/swt/accessibility/AccessibleControlAdapter.getState(Lorg/eclipse/swt/accessibility/AccessibleControlEvent;)V"
    ]
  },
  {
    "frequency": 1,
    "overriddenMethods": [
      "Lorg/eclipse/swt/accessibility/AccessibleControlAdapter.getChildAtPoint(Lorg/eclipse/swt/accessibility/AccessibleControlEvent;)V",
      "Lorg/eclipse/swt/accessibility/AccessibleControlAdapter.getChildCount(Lorg/eclipse/swt/accessibility/AccessibleControlEvent;)V",
      "Lorg/eclipse/swt/accessibility/AccessibleControlAdapter.getLocation(Lorg/eclipse/swt/accessibility/AccessibleControlEvent;)V",
      "Lorg/eclipse/swt/accessibility/AccessibleControlAdapter.getRole(Lorg/eclipse/swt/accessibility/AccessibleControlEvent;)V"
    ]
  },
  {
    "frequency": 16,
    "overriddenMethods": [
      "Lorg/eclipse/swt/accessibility/AccessibleControlAdapter.getDefaultAction(Lorg/eclipse/swt/accessibility/AccessibleControlEvent;)V"
    ]
  },
  {
    "frequency": 23,
    "overriddenMethods": [
      "Lorg/eclipse/swt/accessibility/AccessibleControlAdapter.getChildAtPoint(Lorg/eclipse/swt/accessibility/AccessibleControlEvent;)V",
      "Lorg/eclipse/swt/accessibility/AccessibleControlAdapter.getChildCount(Lorg/eclipse/swt/accessibility/AccessibleControlEvent;)V",
      "Lorg/eclipse/swt/accessibility/AccessibleControlAdapter.getLocation(Lorg/eclipse/swt/accessibility/AccessibleControlEvent;)V",
      "Lorg/eclipse/swt/accessibility/AccessibleControlAdapter.getRole(Lorg/eclipse/swt/accessibility/AccessibleControlEvent;)V",
      "Lorg/eclipse/swt/accessibility/AccessibleControlAdapter.getState(Lorg/eclipse/swt/accessibility/AccessibleControlEvent;)V"
    ]
  },
  {
    "frequency": 3,
    "overriddenMethods": [
      "Lorg/eclipse/swt/accessibility/AccessibleControlAdapter.getChildAtPoint(Lorg/eclipse/swt/accessibility/AccessibleControlEvent;)V",
      "Lorg/eclipse/swt/accessibility/AccessibleControlAdapter.getChildCount(Lorg/eclipse/swt/accessibility/AccessibleControlEvent;)V",
      "Lorg/eclipse/swt/accessibility/AccessibleControlAdapter.getChildren(Lorg/eclipse/swt/accessibility/AccessibleControlEvent;)V",
      "Lorg/eclipse/swt/accessibility/AccessibleControlAdapter.getDefaultAction(Lorg/eclipse/swt/accessibility/AccessibleControlEvent;)V",
      "Lorg/eclipse/swt/accessibility/AccessibleControlAdapter.getFocus(Lorg/eclipse/swt/accessibility/AccessibleControlEvent;)V",
      "Lorg/eclipse/swt/accessibility/AccessibleControlAdapter.getLocation(Lorg/eclipse/swt/accessibility/AccessibleControlEvent;)V",
      "Lorg/eclipse/swt/accessibility/AccessibleControlAdapter.getRole(Lorg/eclipse/swt/accessibility/AccessibleControlEvent;)V",
      "Lorg/eclipse/swt/accessibility/AccessibleControlAdapter.getSelection(Lorg/eclipse/swt/accessibility/AccessibleControlEvent;)V",
      "Lorg/eclipse/swt/accessibility/AccessibleControlAdapter.getState(Lorg/eclipse/swt/accessibility/AccessibleControlEvent;)V"
    ]
  },
  {
    "frequency": 1,
    "overriddenMethods": [
      "Lorg/eclipse/swt/accessibility/AccessibleControlAdapter.getChild(Lorg/eclipse/swt/accessibility/AccessibleControlEvent;)V",
      "Lorg/eclipse/swt/accessibility/AccessibleControlAdapter.getChildAtPoint(Lorg/eclipse/swt/accessibility/AccessibleControlEvent;)V",
      "Lorg/eclipse/swt/accessibility/AccessibleControlAdapter.getChildCount(Lorg/eclipse/swt/accessibility/AccessibleControlEvent;)V",
      "Lorg/eclipse/swt/accessibility/AccessibleControlAdapter.getChildren(Lorg/eclipse/swt/accessibility/AccessibleControlEvent;)V",
      "Lorg/eclipse/swt/accessibility/AccessibleControlAdapter.getFocus(Lorg/eclipse/swt/accessibility/AccessibleControlEvent;)V",
      "Lorg/eclipse/swt/accessibility/AccessibleControlAdapter.getLocation(Lorg/eclipse/swt/accessibility/AccessibleControlEvent;)V",
      "Lorg/eclipse/swt/accessibility/AccessibleControlAdapter.getRole(Lorg/eclipse/swt/accessibility/AccessibleControlEvent;)V",
      "Lorg/eclipse/swt/accessibility/AccessibleControlAdapter.getSelection(Lorg/eclipse/swt/accessibility/AccessibleControlEvent;)V",
      "Lorg/eclipse/swt/accessibility/AccessibleControlAdapter.getState(Lorg/eclipse/swt/accessibility/AccessibleControlEvent;)V"
    ]
  },
  {
    "frequency": 1,
    "overriddenMethods": [
      "Lorg/eclipse/swt/accessibility/AccessibleControlAdapter.getChild(Lorg/eclipse/swt/accessibility/AccessibleControlEvent;)V",
      "Lorg/eclipse/swt/accessibility/AccessibleControlAdapter.getChildAtPoint(Lorg/eclipse/swt/accessibility/AccessibleControlEvent;)V",
      "Lorg/eclipse/swt/accessibility/AccessibleControlAdapter.getFocus(Lorg/eclipse/swt/accessibility/AccessibleControlEvent;)V",
      "Lorg/eclipse/swt/accessibility/AccessibleControlAdapter.getLocation(Lorg/eclipse/swt/accessibility/AccessibleControlEvent;)V",
      "Lorg/eclipse/swt/accessibility/AccessibleControlAdapter.getRole(Lorg/eclipse/swt/accessibility/AccessibleControlEvent;)V",
      "Lorg/eclipse/swt/accessibility/AccessibleControlAdapter.getValue(Lorg/eclipse/swt/accessibility/AccessibleControlEvent;)V"
    ]
  },
  {
    "frequency": 2,
    "overriddenMethods": [
      "Lorg/eclipse/swt/accessibility/AccessibleControlAdapter.getChildAtPoint(Lorg/eclipse/swt/accessibility/AccessibleControlEvent;)V",
      "Lorg/eclipse/swt/accessibility/AccessibleControlAdapter.getChildCount(Lorg/eclipse/swt/accessibility/AccessibleControlEvent;)V",
      "Lorg/eclipse/swt/accessibility/AccessibleControlAdapter.getChildren(Lorg/eclipse/swt/accessibility/AccessibleControlEvent;)V",
      "Lorg/eclipse/swt/accessibility/AccessibleControlAdapter.getDefaultAction(Lorg/eclipse/swt/accessibility/AccessibleControlEvent;)V",
      "Lorg/eclipse/swt/accessibility/AccessibleControlAdapter.getFocus(Lorg/eclipse/swt/accessibility/AccessibleControlEvent;)V",
      "Lorg/eclipse/swt/accessibility/AccessibleControlAdapter.getLocation(Lorg/eclipse/swt/accessibility/AccessibleControlEvent;)V",
      "Lorg/eclipse/swt/accessibility/AccessibleControlAdapter.getRole(Lorg/eclipse/swt/accessibility/AccessibleControlEvent;)V",
      "Lorg/eclipse/swt/accessibility/AccessibleControlAdapter.getSelection(Lorg/eclipse/swt/accessibility/AccessibleControlEvent;)V",
      "Lorg/eclipse/swt/accessibility/AccessibleControlAdapter.getState(Lorg/eclipse/swt/accessibility/AccessibleControlEvent;)V",
      "Lorg/eclipse/swt/accessibility/AccessibleControlAdapter.getValue(Lorg/eclipse/swt/accessibility/AccessibleControlEvent;)V"
    ]
  },
  {
    "frequency": 1,
    "overriddenMethods": [
      "Lorg/eclipse/swt/accessibility/AccessibleControlAdapter.getChildAtPoint(Lorg/eclipse/swt/accessibility/AccessibleControlEvent;)V",
      "Lorg/eclipse/swt/accessibility/AccessibleControlAdapter.getChildCount(Lorg/eclipse/swt/accessibility/AccessibleControlEvent;)V",
      "Lorg/eclipse/swt/accessibility/AccessibleControlAdapter.getFocus(Lorg/eclipse/swt/accessibility/AccessibleControlEvent;)V",
      "Lorg/eclipse/swt/accessibility/AccessibleControlAdapter.getLocation(Lorg/eclipse/swt/accessibility/AccessibleControlEvent;)V",
      "Lorg/eclipse/swt/accessibility/AccessibleControlAdapter.getRole(Lorg/eclipse/swt/accessibility/AccessibleControlEvent;)V",
      "Lorg/eclipse/swt/accessibility/AccessibleControlAdapter.getSelection(Lorg/eclipse/swt/accessibility/AccessibleControlEvent;)V",
      "Lorg/eclipse/swt/accessibility/AccessibleControlAdapter.getState(Lorg/eclipse/swt/accessibility/AccessibleControlEvent;)V",
      "Lorg/eclipse/swt/accessibility/AccessibleControlAdapter.getValue(Lorg/eclipse/swt/accessibility/AccessibleControlEvent;)V"
    ]
  },
  {
    "frequency": 1,
    "overriddenMethods": [
      "Lorg/eclipse/swt/accessibility/AccessibleControlAdapter.getChildAtPoint(Lorg/eclipse/swt/accessibility/AccessibleControlEvent;)V",
      "Lorg/eclipse/swt/accessibility/AccessibleControlAdapter.getChildCount(Lorg/eclipse/swt/accessibility/AccessibleControlEvent;)V",
      "Lorg/eclipse/swt/accessibility/AccessibleControlAdapter.getChildren(Lorg/eclipse/swt/accessibility/AccessibleControlEvent;)V",
      "Lorg/eclipse/swt/accessibility/AccessibleControlAdapter.getDefaultAction(Lorg/eclipse/swt/accessibility/AccessibleControlEvent;)V",
      "Lorg/eclipse/swt/accessibility/AccessibleControlAdapter.getLocation(Lorg/eclipse/swt/accessibility/AccessibleControlEvent;)V",
      "Lorg/eclipse/swt/accessibility/AccessibleControlAdapter.getRole(Lorg/eclipse/swt/accessibility/AccessibleControlEvent;)V",
      "Lorg/eclipse/swt/accessibility/AccessibleControlAdapter.getSelection(Lorg/eclipse/swt/accessibility/AccessibleControlEvent;)V",
      "Lorg/eclipse/swt/accessibility/AccessibleControlAdapter.getState(Lorg/eclipse/swt/accessibility/AccessibleControlEvent;)V",
      "Lorg/eclipse/swt/accessibility/AccessibleControlAdapter.getValue(Lorg/eclipse/swt/accessibility/AccessibleControlEvent;)V"
    ]
  },
  {
    "frequency": 7,
    "overriddenMethods": [
      "Lorg/eclipse/swt/accessibility/AccessibleControlAdapter.getValue(Lorg/eclipse/swt/accessibility/AccessibleControlEvent;)V"
    ]
  },
  {
    "frequency": 30,
    "overriddenMethods": [
      "Lorg/eclipse/swt/accessibility/AccessibleControlAdapter.getRole(Lorg/eclipse/swt/accessibility/AccessibleControlEvent;)V"
    ]
  },
  {
    "frequency": 1,
    "overriddenMethods": [
      "Lorg/eclipse/swt/accessibility/AccessibleControlAdapter.getState(Lorg/eclipse/swt/accessibility/AccessibleControlEvent;)V"
    ]
  },
  {
    "frequency": 1,
    "overriddenMethods": [
      "Lorg/eclipse/swt/accessibility/AccessibleControlAdapter.getChildAtPoint(Lorg/eclipse/swt/accessibility/AccessibleControlEvent;)V",
      "Lorg/eclipse/swt/accessibility/AccessibleControlAdapter.getChildCount(Lorg/eclipse/swt/accessibility/AccessibleControlEvent;)V",
      "Lorg/eclipse/swt/accessibility/AccessibleControlAdapter.getChildren(Lorg/eclipse/swt/accessibility/AccessibleControlEvent;)V",
      "Lorg/eclipse/swt/accessibility/AccessibleControlAdapter.getFocus(Lorg/eclipse/swt/accessibility/AccessibleControlEvent;)V",
      "Lorg/eclipse/swt/accessibility/AccessibleControlAdapter.getLocation(Lorg/eclipse/swt/accessibility/AccessibleControlEvent;)V",
      "Lorg/eclipse/swt/accessibility/AccessibleControlAdapter.getRole(Lorg/eclipse/swt/accessibility/AccessibleControlEvent;)V",
      "Lorg/eclipse/swt/accessibility/AccessibleControlAdapter.getSelection(Lorg/eclipse/swt/accessibility/AccessibleControlEvent;)V",
      "Lorg/eclipse/swt/accessibility/AccessibleControlAdapter.getState(Lorg/eclipse/swt/accessibility/AccessibleControlEvent;)V",
      "Lorg/eclipse/swt/accessibility/AccessibleControlAdapter.getValue(Lorg/eclipse/swt/accessibility/AccessibleControlEvent;)V"
    ]
  },
  {
    "frequency": 4,
    "overriddenMethods": [
      "Lorg/eclipse/swt/accessibility/AccessibleControlAdapter.getRole(Lorg/eclipse/swt/accessibility/AccessibleControlEvent;)V",
      "Lorg/eclipse/swt/accessibility/AccessibleControlAdapter.getState(Lorg/eclipse/swt/accessibility/AccessibleControlEvent;)V"
    ]
  }
]