[
  {
    "frequency": 1,
    "overriddenMethods": []
  },
  {
    "frequency": 1,
    "overriddenMethods": [
      "Lorg/eclipse/swt/accessibility/AccessibleAdapter.getKeyboardShortcut(Lorg/eclipse/swt/accessibility/AccessibleEvent;)V",
      "Lorg/eclipse/swt/accessibility/AccessibleAdapter.getName(Lorg/eclipse/swt/accessibility/AccessibleEvent;)V"
    ]
  },
  {
    "frequency": 3,
    "overriddenMethods": [
      "Lorg/eclipse/swt/accessibility/AccessibleAdapter.getDescription(Lorg/eclipse/swt/accessibility/AccessibleEvent;)V",
      "Lorg/eclipse/swt/accessibility/AccessibleAdapter.getHelp(Lorg/eclipse/swt/accessibility/AccessibleEvent;)V",
      "Lorg/eclipse/swt/accessibility/AccessibleAdapter.getName(Lorg/eclipse/swt/accessibility/AccessibleEvent;)V"
    ]
  },
  {
    "frequency": 21,
    "overriddenMethods": [
      "Lorg/eclipse/swt/accessibility/AccessibleAdapter.getHelp(Lorg/eclipse/swt/accessibility/AccessibleEvent;)V",
      "Lorg/eclipse/swt/accessibility/AccessibleAdapter.getName(Lorg/eclipse/swt/accessibility/AccessibleEvent;)V"
    ]
  },
  {
    "frequency": 3,
    "overriddenMethods": [
      "Lorg/eclipse/swt/accessibility/AccessibleAdapter.getDescription(Lorg/eclipse/swt/accessibility/AccessibleEvent;)V",
      "Lorg/eclipse/swt/accessibility/AccessibleAdapter.getName(Lorg/eclipse/swt/accessibility/AccessibleEvent;)V"
    ]
  },
  {
    "frequency": 13,
    "overriddenMethods": [
      "Lorg/eclipse/swt/accessibility/AccessibleAdapter.getHelp(Lorg/eclipse/swt/accessibility/AccessibleEvent;)V"
    ]
  },
  {
    "frequency": 41,
    "overriddenMethods": [
      "Lorg/eclipse/swt/accessibility/AccessibleAdapter.getHelp(Lorg/eclipse/swt/accessibility/AccessibleEvent;)V",
      "Lorg/eclipse/swt/accessibility/AccessibleAdapter.getKeyboardShortcut(Lorg/eclipse/swt/accessibility/AccessibleEvent;)V",
      "Lorg/eclipse/swt/accessibility/AccessibleAdapter.getName(Lorg/eclipse/swt/accessibility/AccessibleEvent;)V"
    ]
  },
  {
    "frequency": 1,
    "overriddenMethods": [
      "Lorg/eclipse/swt/accessibility/AccessibleAdapter.getDescription(Lorg/eclipse/swt/accessibility/AccessibleEvent;)V"
    ]
  },
  {
    "frequency": 227,
    "overriddenMethods": [
      "Lorg/eclipse/swt/accessibility/AccessibleAdapter.getName(Lorg/eclipse/swt/accessibility/AccessibleEvent;)V"
    ]
  }
]