[
  {
    "frequency": 2,
    "overriddenMethods": []
  },
  {
    "frequency": 6,
    "overriddenMethods": [
      "Lorg/eclipse/swt/browser/LocationAdapter.changed(Lorg/eclipse/swt/browser/LocationEvent;)V"
    ]
  },
  {
    "frequency": 3,
    "overriddenMethods": [
      "Lorg/eclipse/swt/browser/LocationAdapter.changed(Lorg/eclipse/swt/browser/LocationEvent;)V",
      "Lorg/eclipse/swt/browser/LocationAdapter.changing(Lorg/eclipse/swt/browser/LocationEvent;)V"
    ]
  },
  {
    "frequency": 18,
    "overriddenMethods": [
      "Lorg/eclipse/swt/browser/LocationAdapter.changing(Lorg/eclipse/swt/browser/LocationEvent;)V"
    ]
  }
]