[
  {
    "frequency": 1,
    "overriddenMethods": [
      "Lorg/eclipse/swt/widgets/Button.addSelectionListener(Lorg/eclipse/swt/events/SelectionListener;)V",
      "Lorg/eclipse/swt/widgets/Button.removeSelectionListener(Lorg/eclipse/swt/events/SelectionListener;)V",
      "Lorg/eclipse/swt/widgets/Control.forceFocus()Z",
      "Lorg/eclipse/swt/widgets/Control.setEnabled(Z)V",
      "Lorg/eclipse/swt/widgets/Widget.checkSubclass()V"
    ]
  },
  {
    "frequency": 1,
    "overriddenMethods": []
  },
  {
    "frequency": 1,
    "overriddenMethods": [
      "Lorg/eclipse/swt/widgets/Button.addSelectionListener(Lorg/eclipse/swt/events/SelectionListener;)V",
      "Lorg/eclipse/swt/widgets/Button.removeSelectionListener(Lorg/eclipse/swt/events/SelectionListener;)V",
      "Lorg/eclipse/swt/widgets/Widget.checkSubclass()V"
    ]
  },
  {
    "frequency": 1,
    "overriddenMethods": [
      "Lorg/eclipse/swt/widgets/Control.setFocus()Z",
      "Lorg/eclipse/swt/widgets/Widget.checkSubclass()V"
    ]
  },
  {
    "frequency": 1,
    "overriddenMethods": [
      "Lorg/eclipse/swt/widgets/Button.computeSize(IIZ)Lorg/eclipse/swt/graphics/Point;",
      "Lorg/eclipse/swt/widgets/Control.setFont(Lorg/eclipse/swt/graphics/Font;)V",
      "Lorg/eclipse/swt/widgets/Widget.checkSubclass()V",
      "Lorg/eclipse/swt/widgets/Widget.dispose()V"
    ]
  },
  {
    "frequency": 2,
    "overriddenMethods": [
      "Lorg/eclipse/swt/widgets/Widget.checkSubclass()V"
    ]
  },
  {
    "frequency": 4,
    "overriddenMethods": [
      "Lorg/eclipse/swt/widgets/Button.getText()Ljava/lang/String;",
      "Lorg/eclipse/swt/widgets/Widget.checkSubclass()V"
    ]
  },
  {
    "frequency": 1,
    "overriddenMethods": [
      "Lorg/eclipse/swt/widgets/Widget.addListener(ILorg/eclipse/swt/widgets/Listener;)V",
      "Lorg/eclipse/swt/widgets/Widget.checkSubclass()V",
      "Lorg/eclipse/swt/widgets/Widget.removeListener(ILorg/eclipse/swt/widgets/Listener;)V"
    ]
  },
  {
    "frequency": 1,
    "overriddenMethods": [
      "Lorg/eclipse/swt/widgets/Control.forceFocus()Z",
      "Lorg/eclipse/swt/widgets/Control.setEnabled(Z)V",
      "Lorg/eclipse/swt/widgets/Widget.checkSubclass()V",
      "Lorg/eclipse/swt/widgets/Widget.getData(Ljava/lang/String;)Ljava/lang/Object;",
      "Lorg/eclipse/swt/widgets/Widget.setData(Ljava/lang/String;Ljava/lang/Object;)V"
    ]
  }
]