[
  {
    "frequency": 71,
    "overriddenMethods": []
  },
  {
    "frequency": 1,
    "overriddenMethods": [
      "Lorg/eclipse/swt/widgets/Widget.addListener(ILorg/eclipse/swt/widgets/Listener;)V",
      "Lorg/eclipse/swt/widgets/Widget.dispose()V"
    ]
  },
  {
    "frequency": 1,
    "overriddenMethods": [
      "Lorg/eclipse/swt/widgets/Control.getBackground()Lorg/eclipse/swt/graphics/Color;",
      "Lorg/eclipse/swt/widgets/Control.getForeground()Lorg/eclipse/swt/graphics/Color;",
      "Lorg/eclipse/swt/widgets/Control.setBackground(Lorg/eclipse/swt/graphics/Color;)V",
      "Lorg/eclipse/swt/widgets/Control.setCursor(Lorg/eclipse/swt/graphics/Cursor;)V",
      "Lorg/eclipse/swt/widgets/Control.setForeground(Lorg/eclipse/swt/graphics/Color;)V",
      "Lorg/eclipse/swt/widgets/Widget.dispose()V"
    ]
  },
  {
    "frequency": 1,
    "overriddenMethods": [
      "Lorg/eclipse/swt/widgets/Composite.computeSize(IIZ)Lorg/eclipse/swt/graphics/Point;",
      "Lorg/eclipse/swt/widgets/Composite.setFocus()Z",
      "Lorg/eclipse/swt/widgets/Widget.toString()Ljava/lang/String;"
    ]
  },
  {
    "frequency": 52,
    "overriddenMethods": [
      "Lorg/eclipse/swt/widgets/Composite.computeSize(IIZ)Lorg/eclipse/swt/graphics/Point;"
    ]
  },
  {
    "frequency": 1,
    "overriddenMethods": [
      "Lorg/eclipse/swt/widgets/Composite.computeSize(IIZ)Lorg/eclipse/swt/graphics/Point;",
      "Lorg/eclipse/swt/widgets/Composite.setFocus()Z"
    ]
  },
  {
    "frequency": 1,
    "overriddenMethods": [
      "Lorg/eclipse/swt/widgets/Canvas.setFont(Lorg/eclipse/swt/graphics/Font;)V",
      "Lorg/eclipse/swt/widgets/Control.getBackground()Lorg/eclipse/swt/graphics/Color;",
      "Lorg/eclipse/swt/widgets/Control.getForeground()Lorg/eclipse/swt/graphics/Color;"
    ]
  },
  {
    "frequency": 1,
    "overriddenMethods": [
      "Lorg/eclipse/swt/widgets/Control.computeSize(II)Lorg/eclipse/swt/graphics/Point;"
    ]
  },
  {
    "frequency": 1,
    "overriddenMethods": [
      "Lorg/eclipse/swt/widgets/Control.addKeyListener(Lorg/eclipse/swt/events/KeyListener;)V",
      "Lorg/eclipse/swt/widgets/Control.addMouseListener(Lorg/eclipse/swt/events/MouseListener;)V",
      "Lorg/eclipse/swt/widgets/Control.addMouseMoveListener(Lorg/eclipse/swt/events/MouseMoveListener;)V",
      "Lorg/eclipse/swt/widgets/Control.removeKeyListener(Lorg/eclipse/swt/events/KeyListener;)V",
      "Lorg/eclipse/swt/widgets/Control.removeMouseListener(Lorg/eclipse/swt/events/MouseListener;)V",
      "Lorg/eclipse/swt/widgets/Control.removeMouseMoveListener(Lorg/eclipse/swt/events/MouseMoveListener;)V",
      "Lorg/eclipse/swt/widgets/Control.setBackground(Lorg/eclipse/swt/graphics/Color;)V",
      "Lorg/eclipse/swt/widgets/Control.setMenu(Lorg/eclipse/swt/widgets/Menu;)V"
    ]
  },
  {
    "frequency": 1,
    "overriddenMethods": [
      "Lorg/eclipse/swt/widgets/Canvas.setFont(Lorg/eclipse/swt/graphics/Font;)V",
      "Lorg/eclipse/swt/widgets/Control.isVisible()Z",
      "Lorg/eclipse/swt/widgets/Control.setForeground(Lorg/eclipse/swt/graphics/Color;)V",
      "Lorg/eclipse/swt/widgets/Control.setVisible(Z)V",
      "Lorg/eclipse/swt/widgets/Widget.dispose()V"
    ]
  },
  {
    "frequency": 10,
    "overriddenMethods": [
      "Lorg/eclipse/swt/widgets/Composite.computeSize(IIZ)Lorg/eclipse/swt/graphics/Point;",
      "Lorg/eclipse/swt/widgets/Widget.dispose()V"
    ]
  },
  {
    "frequency": 1,
    "overriddenMethods": [
      "Lorg/eclipse/swt/widgets/Control.getSize()Lorg/eclipse/swt/graphics/Point;"
    ]
  },
  {
    "frequency": 2,
    "overriddenMethods": [
      "Lorg/eclipse/swt/widgets/Control.addMouseListener(Lorg/eclipse/swt/events/MouseListener;)V"
    ]
  },
  {
    "frequency": 1,
    "overriddenMethods": [
      "Lorg/eclipse/swt/widgets/Control.isEnabled()Z",
      "Lorg/eclipse/swt/widgets/Control.setEnabled(Z)V"
    ]
  },
  {
    "frequency": 1,
    "overriddenMethods": [
      "Lorg/eclipse/swt/widgets/Control.getSize()Lorg/eclipse/swt/graphics/Point;",
      "Lorg/eclipse/swt/widgets/Control.getToolTipText()Ljava/lang/String;",
      "Lorg/eclipse/swt/widgets/Control.isFocusControl()Z",
      "Lorg/eclipse/swt/widgets/Control.setToolTipText(Ljava/lang/String;)V",
      "Lorg/eclipse/swt/widgets/Widget.dispose()V"
    ]
  },
  {
    "frequency": 1,
    "overriddenMethods": [
      "Lorg/eclipse/swt/widgets/Canvas.setFont(Lorg/eclipse/swt/graphics/Font;)V",
      "Lorg/eclipse/swt/widgets/Composite.computeSize(IIZ)Lorg/eclipse/swt/graphics/Point;",
      "Lorg/eclipse/swt/widgets/Control.getToolTipText()Ljava/lang/String;",
      "Lorg/eclipse/swt/widgets/Control.setBackground(Lorg/eclipse/swt/graphics/Color;)V",
      "Lorg/eclipse/swt/widgets/Control.setToolTipText(Ljava/lang/String;)V"
    ]
  },
  {
    "frequency": 1,
    "overriddenMethods": [
      "Lorg/eclipse/swt/widgets/Canvas.setFont(Lorg/eclipse/swt/graphics/Font;)V",
      "Lorg/eclipse/swt/widgets/Composite.computeSize(IIZ)Lorg/eclipse/swt/graphics/Point;",
      "Lorg/eclipse/swt/widgets/Control.forceFocus()Z",
      "Lorg/eclipse/swt/widgets/Control.setBackground(Lorg/eclipse/swt/graphics/Color;)V",
      "Lorg/eclipse/swt/widgets/Control.setEnabled(Z)V",
      "Lorg/eclipse/swt/widgets/Control.setForeground(Lorg/eclipse/swt/graphics/Color;)V",
      "Lorg/eclipse/swt/widgets/Control.setMenu(Lorg/eclipse/swt/widgets/Menu;)V",
      "Lorg/eclipse/swt/widgets/Control.setToolTipText(Ljava/lang/String;)V"
    ]
  },
  {
    "frequency": 2,
    "overriddenMethods": [
      "Lorg/eclipse/swt/widgets/Composite.computeSize(IIZ)Lorg/eclipse/swt/graphics/Point;",
      "Lorg/eclipse/swt/widgets/Control.redraw()V",
      "Lorg/eclipse/swt/widgets/Control.setBounds(IIII)V",
      "Lorg/eclipse/swt/widgets/Control.setVisible(Z)V",
      "Lorg/eclipse/swt/widgets/Widget.dispose()V"
    ]
  },
  {
    "frequency": 1,
    "overriddenMethods": [
      "Lorg/eclipse/swt/widgets/Composite.computeSize(IIZ)Lorg/eclipse/swt/graphics/Point;",
      "Lorg/eclipse/swt/widgets/Control.addMouseListener(Lorg/eclipse/swt/events/MouseListener;)V",
      "Lorg/eclipse/swt/widgets/Control.addMouseTrackListener(Lorg/eclipse/swt/events/MouseTrackListener;)V",
      "Lorg/eclipse/swt/widgets/Control.addPaintListener(Lorg/eclipse/swt/events/PaintListener;)V",
      "Lorg/eclipse/swt/widgets/Control.setBackground(Lorg/eclipse/swt/graphics/Color;)V",
      "Lorg/eclipse/swt/widgets/Control.setCursor(Lorg/eclipse/swt/graphics/Cursor;)V",
      "Lorg/eclipse/swt/widgets/Control.setForeground(Lorg/eclipse/swt/graphics/Color;)V",
      "Lorg/eclipse/swt/widgets/Widget.addListener(ILorg/eclipse/swt/widgets/Listener;)V"
    ]
  },
  {
    "frequency": 1,
    "overriddenMethods": [
      "Lorg/eclipse/swt/widgets/Composite.checkSubclass()V",
      "Lorg/eclipse/swt/widgets/Control.forceFocus()Z",
      "Lorg/eclipse/swt/widgets/Widget.dispose()V"
    ]
  },
  {
    "frequency": 1,
    "overriddenMethods": [
      "Lorg/eclipse/swt/widgets/Control.setEnabled(Z)V"
    ]
  },
  {
    "frequency": 1,
    "overriddenMethods": [
      "Lorg/eclipse/swt/widgets/Control.redraw()V"
    ]
  },
  {
    "frequency": 1,
    "overriddenMethods": [
      "Lorg/eclipse/swt/widgets/Composite.computeSize(IIZ)Lorg/eclipse/swt/graphics/Point;",
      "Lorg/eclipse/swt/widgets/Control.redraw()V",
      "Lorg/eclipse/swt/widgets/Control.setBounds(IIII)V",
      "Lorg/eclipse/swt/widgets/Widget.dispose()V"
    ]
  },
  {
    "frequency": 1,
    "overriddenMethods": [
      "Lorg/eclipse/swt/widgets/Composite.computeSize(IIZ)Lorg/eclipse/swt/graphics/Point;",
      "Lorg/eclipse/swt/widgets/Control.addMouseListener(Lorg/eclipse/swt/events/MouseListener;)V",
      "Lorg/eclipse/swt/widgets/Control.removeMouseListener(Lorg/eclipse/swt/events/MouseListener;)V"
    ]
  },
  {
    "frequency": 5,
    "overriddenMethods": [
      "Lorg/eclipse/swt/widgets/Control.forceFocus()Z",
      "Lorg/eclipse/swt/widgets/Control.setBackground(Lorg/eclipse/swt/graphics/Color;)V",
      "Lorg/eclipse/swt/widgets/Control.setBackgroundImage(Lorg/eclipse/swt/graphics/Image;)V"
    ]
  },
  {
    "frequency": 2,
    "overriddenMethods": [
      "Lorg/eclipse/swt/widgets/Composite.computeSize(IIZ)Lorg/eclipse/swt/graphics/Point;",
      "Lorg/eclipse/swt/widgets/Control.computeSize(II)Lorg/eclipse/swt/graphics/Point;"
    ]
  },
  {
    "frequency": 1,
    "overriddenMethods": [
      "Lorg/eclipse/swt/widgets/Canvas.setFont(Lorg/eclipse/swt/graphics/Font;)V",
      "Lorg/eclipse/swt/widgets/Control.forceFocus()Z",
      "Lorg/eclipse/swt/widgets/Control.setBackground(Lorg/eclipse/swt/graphics/Color;)V",
      "Lorg/eclipse/swt/widgets/Control.setForeground(Lorg/eclipse/swt/graphics/Color;)V"
    ]
  },
  {
    "frequency": 3,
    "overriddenMethods": [
      "Lorg/eclipse/swt/widgets/Control.getToolTipText()Ljava/lang/String;",
      "Lorg/eclipse/swt/widgets/Control.setToolTipText(Ljava/lang/String;)V",
      "Lorg/eclipse/swt/widgets/Widget.dispose()V",
      "Lorg/eclipse/swt/widgets/Widget.getStyle()I"
    ]
  },
  {
    "frequency": 1,
    "overriddenMethods": [
      "Lorg/eclipse/swt/widgets/Control.getLayoutData()Ljava/lang/Object;",
      "Lorg/eclipse/swt/widgets/Control.setLayoutData(Ljava/lang/Object;)V"
    ]
  },
  {
    "frequency": 1,
    "overriddenMethods": [
      "Lorg/eclipse/swt/widgets/Canvas.setFont(Lorg/eclipse/swt/graphics/Font;)V",
      "Lorg/eclipse/swt/widgets/Composite.computeSize(IIZ)Lorg/eclipse/swt/graphics/Point;",
      "Lorg/eclipse/swt/widgets/Control.isReparentable()Z",
      "Lorg/eclipse/swt/widgets/Control.setBackground(Lorg/eclipse/swt/graphics/Color;)V",
      "Lorg/eclipse/swt/widgets/Control.setForeground(Lorg/eclipse/swt/graphics/Color;)V"
    ]
  },
  {
    "frequency": 1,
    "overriddenMethods": [
      "Lorg/eclipse/swt/widgets/Composite.computeSize(IIZ)Lorg/eclipse/swt/graphics/Point;",
      "Lorg/eclipse/swt/widgets/Control.forceFocus()Z"
    ]
  },
  {
    "frequency": 1,
    "overriddenMethods": [
      "Lorg/eclipse/swt/widgets/Canvas.setFont(Lorg/eclipse/swt/graphics/Font;)V",
      "Lorg/eclipse/swt/widgets/Composite.computeSize(IIZ)Lorg/eclipse/swt/graphics/Point;",
      "Lorg/eclipse/swt/widgets/Control.getBackground()Lorg/eclipse/swt/graphics/Color;",
      "Lorg/eclipse/swt/widgets/Control.getToolTipText()Ljava/lang/String;",
      "Lorg/eclipse/swt/widgets/Control.setBackground(Lorg/eclipse/swt/graphics/Color;)V",
      "Lorg/eclipse/swt/widgets/Control.setToolTipText(Ljava/lang/String;)V"
    ]
  },
  {
    "frequency": 4,
    "overriddenMethods": [
      "Lorg/eclipse/swt/widgets/Canvas.setFont(Lorg/eclipse/swt/graphics/Font;)V",
      "Lorg/eclipse/swt/widgets/Composite.computeSize(IIZ)Lorg/eclipse/swt/graphics/Point;",
      "Lorg/eclipse/swt/widgets/Control.getToolTipText()Ljava/lang/String;",
      "Lorg/eclipse/swt/widgets/Control.setBackground(Lorg/eclipse/swt/graphics/Color;)V",
      "Lorg/eclipse/swt/widgets/Control.setToolTipText(Ljava/lang/String;)V",
      "Lorg/eclipse/swt/widgets/Widget.getStyle()I"
    ]
  },
  {
    "frequency": 3,
    "overriddenMethods": [
      "Lorg/eclipse/swt/widgets/Composite.computeSize(IIZ)Lorg/eclipse/swt/graphics/Point;",
      "Lorg/eclipse/swt/widgets/Composite.getClientArea()Lorg/eclipse/swt/graphics/Rectangle;"
    ]
  },
  {
    "frequency": 1,
    "overriddenMethods": [
      "Lorg/eclipse/swt/widgets/Control.setBackground(Lorg/eclipse/swt/graphics/Color;)V",
      "Lorg/eclipse/swt/widgets/Control.setForeground(Lorg/eclipse/swt/graphics/Color;)V",
      "Lorg/eclipse/swt/widgets/Control.setVisible(Z)V"
    ]
  },
  {
    "frequency": 3,
    "overriddenMethods": [
      "Lorg/eclipse/swt/widgets/Canvas.setFont(Lorg/eclipse/swt/graphics/Font;)V",
      "Lorg/eclipse/swt/widgets/Composite.computeSize(IIZ)Lorg/eclipse/swt/graphics/Point;"
    ]
  },
  {
    "frequency": 1,
    "overriddenMethods": [
      "Lorg/eclipse/swt/widgets/Control.update()V",
      "Lorg/eclipse/swt/widgets/Widget.dispose()V"
    ]
  },
  {
    "frequency": 1,
    "overriddenMethods": [
      "Lorg/eclipse/swt/widgets/Control.addControlListener(Lorg/eclipse/swt/events/ControlListener;)V",
      "Lorg/eclipse/swt/widgets/Control.addFocusListener(Lorg/eclipse/swt/events/FocusListener;)V",
      "Lorg/eclipse/swt/widgets/Control.addHelpListener(Lorg/eclipse/swt/events/HelpListener;)V",
      "Lorg/eclipse/swt/widgets/Control.addKeyListener(Lorg/eclipse/swt/events/KeyListener;)V",
      "Lorg/eclipse/swt/widgets/Control.addMouseListener(Lorg/eclipse/swt/events/MouseListener;)V",
      "Lorg/eclipse/swt/widgets/Control.addMouseMoveListener(Lorg/eclipse/swt/events/MouseMoveListener;)V",
      "Lorg/eclipse/swt/widgets/Control.addMouseTrackListener(Lorg/eclipse/swt/events/MouseTrackListener;)V",
      "Lorg/eclipse/swt/widgets/Control.addPaintListener(Lorg/eclipse/swt/events/PaintListener;)V",
      "Lorg/eclipse/swt/widgets/Control.addTraverseListener(Lorg/eclipse/swt/events/TraverseListener;)V",
      "Lorg/eclipse/swt/widgets/Control.removeControlListener(Lorg/eclipse/swt/events/ControlListener;)V",
      "Lorg/eclipse/swt/widgets/Control.removeFocusListener(Lorg/eclipse/swt/events/FocusListener;)V",
      "Lorg/eclipse/swt/widgets/Control.removeHelpListener(Lorg/eclipse/swt/events/HelpListener;)V",
      "Lorg/eclipse/swt/widgets/Control.removeKeyListener(Lorg/eclipse/swt/events/KeyListener;)V",
      "Lorg/eclipse/swt/widgets/Control.removeMouseListener(Lorg/eclipse/swt/events/MouseListener;)V",
      "Lorg/eclipse/swt/widgets/Control.removeMouseMoveListener(Lorg/eclipse/swt/events/MouseMoveListener;)V",
      "Lorg/eclipse/swt/widgets/Control.removeMouseTrackListener(Lorg/eclipse/swt/events/MouseTrackListener;)V",
      "Lorg/eclipse/swt/widgets/Control.removePaintListener(Lorg/eclipse/swt/events/PaintListener;)V",
      "Lorg/eclipse/swt/widgets/Control.removeTraverseListener(Lorg/eclipse/swt/events/TraverseListener;)V",
      "Lorg/eclipse/swt/widgets/Widget.addDisposeListener(Lorg/eclipse/swt/events/DisposeListener;)V",
      "Lorg/eclipse/swt/widgets/Widget.removeDisposeListener(Lorg/eclipse/swt/events/DisposeListener;)V"
    ]
  },
  {
    "frequency": 2,
    "overriddenMethods": [
      "Lorg/eclipse/swt/widgets/Canvas.setFont(Lorg/eclipse/swt/graphics/Font;)V",
      "Lorg/eclipse/swt/widgets/Composite.computeSize(IIZ)Lorg/eclipse/swt/graphics/Point;",
      "Lorg/eclipse/swt/widgets/Composite.setFocus()Z",
      "Lorg/eclipse/swt/widgets/Control.setEnabled(Z)V",
      "Lorg/eclipse/swt/widgets/Control.setMenu(Lorg/eclipse/swt/widgets/Menu;)V"
    ]
  },
  {
    "frequency": 1,
    "overriddenMethods": [
      "Lorg/eclipse/swt/widgets/Composite.computeSize(IIZ)Lorg/eclipse/swt/graphics/Point;",
      "Lorg/eclipse/swt/widgets/Control.computeSize(II)Lorg/eclipse/swt/graphics/Point;",
      "Lorg/eclipse/swt/widgets/Widget.dispose()V"
    ]
  },
  {
    "frequency": 1,
    "overriddenMethods": [
      "Lorg/eclipse/swt/widgets/Composite.computeSize(IIZ)Lorg/eclipse/swt/graphics/Point;",
      "Lorg/eclipse/swt/widgets/Composite.setFocus()Z",
      "Lorg/eclipse/swt/widgets/Control.getVisible()Z",
      "Lorg/eclipse/swt/widgets/Control.isReparentable()Z",
      "Lorg/eclipse/swt/widgets/Control.setVisible(Z)V"
    ]
  },
  {
    "frequency": 1,
    "overriddenMethods": [
      "Lorg/eclipse/swt/widgets/Canvas.setFont(Lorg/eclipse/swt/graphics/Font;)V",
      "Lorg/eclipse/swt/widgets/Control.forceFocus()Z",
      "Lorg/eclipse/swt/widgets/Control.setBackground(Lorg/eclipse/swt/graphics/Color;)V",
      "Lorg/eclipse/swt/widgets/Control.setBackgroundImage(Lorg/eclipse/swt/graphics/Image;)V",
      "Lorg/eclipse/swt/widgets/Control.setForeground(Lorg/eclipse/swt/graphics/Color;)V"
    ]
  },
  {
    "frequency": 2,
    "overriddenMethods": [
      "Lorg/eclipse/swt/widgets/Control.setVisible(Z)V"
    ]
  },
  {
    "frequency": 1,
    "overriddenMethods": [
      "Lorg/eclipse/swt/widgets/Control.setEnabled(Z)V",
      "Lorg/eclipse/swt/widgets/Widget.addListener(ILorg/eclipse/swt/widgets/Listener;)V"
    ]
  },
  {
    "frequency": 2,
    "overriddenMethods": [
      "Lorg/eclipse/swt/widgets/Canvas.setFont(Lorg/eclipse/swt/graphics/Font;)V",
      "Lorg/eclipse/swt/widgets/Composite.computeSize(IIZ)Lorg/eclipse/swt/graphics/Point;",
      "Lorg/eclipse/swt/widgets/Control.getFont()Lorg/eclipse/swt/graphics/Font;"
    ]
  },
  {
    "frequency": 1,
    "overriddenMethods": [
      "Lorg/eclipse/swt/widgets/Composite.checkSubclass()V",
      "Lorg/eclipse/swt/widgets/Control.forceFocus()Z"
    ]
  },
  {
    "frequency": 1,
    "overriddenMethods": [
      "Lorg/eclipse/swt/widgets/Composite.checkSubclass()V",
      "Lorg/eclipse/swt/widgets/Composite.computeSize(IIZ)Lorg/eclipse/swt/graphics/Point;"
    ]
  },
  {
    "frequency": 1,
    "overriddenMethods": [
      "Lorg/eclipse/swt/widgets/Composite.computeSize(IIZ)Lorg/eclipse/swt/graphics/Point;",
      "Lorg/eclipse/swt/widgets/Composite.setFocus()Z",
      "Lorg/eclipse/swt/widgets/Control.isReparentable()Z"
    ]
  },
  {
    "frequency": 2,
    "overriddenMethods": [
      "Lorg/eclipse/swt/widgets/Control.getBackground()Lorg/eclipse/swt/graphics/Color;",
      "Lorg/eclipse/swt/widgets/Control.getForeground()Lorg/eclipse/swt/graphics/Color;",
      "Lorg/eclipse/swt/widgets/Control.setBackground(Lorg/eclipse/swt/graphics/Color;)V",
      "Lorg/eclipse/swt/widgets/Control.setForeground(Lorg/eclipse/swt/graphics/Color;)V"
    ]
  },
  {
    "frequency": 3,
    "overriddenMethods": [
      "Lorg/eclipse/swt/widgets/Control.setBackground(Lorg/eclipse/swt/graphics/Color;)V",
      "Lorg/eclipse/swt/widgets/Control.setForeground(Lorg/eclipse/swt/graphics/Color;)V",
      "Lorg/eclipse/swt/widgets/Widget.dispose()V"
    ]
  },
  {
    "frequency": 1,
    "overriddenMethods": [
      "Lorg/eclipse/swt/widgets/Control.addMouseListener(Lorg/eclipse/swt/events/MouseListener;)V",
      "Lorg/eclipse/swt/widgets/Control.removeMouseListener(Lorg/eclipse/swt/events/MouseListener;)V",
      "Lorg/eclipse/swt/widgets/Control.setMenu(Lorg/eclipse/swt/widgets/Menu;)V",
      "Lorg/eclipse/swt/widgets/Control.setToolTipText(Ljava/lang/String;)V",
      "Lorg/eclipse/swt/widgets/Widget.dispose()V"
    ]
  },
  {
    "frequency": 16,
    "overriddenMethods": [
      "Lorg/eclipse/swt/widgets/Widget.dispose()V"
    ]
  },
  {
    "frequency": 3,
    "overriddenMethods": [
      "Lorg/eclipse/swt/widgets/Composite.computeSize(IIZ)Lorg/eclipse/swt/graphics/Point;",
      "Lorg/eclipse/swt/widgets/Control.setEnabled(Z)V"
    ]
  },
  {
    "frequency": 5,
    "overriddenMethods": [
      "Lorg/eclipse/swt/widgets/Widget.toString()Ljava/lang/String;"
    ]
  }
]