[
  {
    "frequency": 1,
    "overriddenMethods": [
      "Lorg/eclipse/swt/widgets/Combo.checkSubclass()V",
      "Lorg/eclipse/swt/widgets/Widget.checkWidget()V"
    ]
  },
  {
    "frequency": 5,
    "overriddenMethods": [
      "Lorg/eclipse/swt/widgets/Combo.checkSubclass()V"
    ]
  },
  {
    "frequency": 1,
    "overriddenMethods": [
      "Lorg/eclipse/swt/widgets/Combo.add(Ljava/lang/String;)V",
      "Lorg/eclipse/swt/widgets/Combo.add(Ljava/lang/String;I)V",
      "Lorg/eclipse/swt/widgets/Combo.checkSubclass()V",
      "Lorg/eclipse/swt/widgets/Combo.remove(I)V",
      "Lorg/eclipse/swt/widgets/Combo.remove(II)V",
      "Lorg/eclipse/swt/widgets/Combo.remove(Ljava/lang/String;)V",
      "Lorg/eclipse/swt/widgets/Combo.setItem(ILjava/lang/String;)V",
      "Lorg/eclipse/swt/widgets/Combo.setItems([Ljava/lang/String;)V",
      "Lorg/eclipse/swt/widgets/Combo.setText(Ljava/lang/String;)V"
    ]
  },
  {
    "frequency": 2,
    "overriddenMethods": [
      "Lorg/eclipse/swt/widgets/Combo.addSelectionListener(Lorg/eclipse/swt/events/SelectionListener;)V",
      "Lorg/eclipse/swt/widgets/Combo.checkSubclass()V",
      "Lorg/eclipse/swt/widgets/Control.addKeyListener(Lorg/eclipse/swt/events/KeyListener;)V",
      "Lorg/eclipse/swt/widgets/Widget.addListener(ILorg/eclipse/swt/widgets/Listener;)V"
    ]
  }
]