[
  {
    "frequency": 653,
    "overriddenMethods": []
  },
  {
    "frequency": 2,
    "overriddenMethods": [
      "Lorg/eclipse/swt/widgets/Widget.addListener(ILorg/eclipse/swt/widgets/Listener;)V",
      "Lorg/eclipse/swt/widgets/Widget.dispose()V"
    ]
  },
  {
    "frequency": 2,
    "overriddenMethods": [
      "Lorg/eclipse/swt/widgets/Composite.computeSize(IIZ)Lorg/eclipse/swt/graphics/Point;",
      "Lorg/eclipse/swt/widgets/Composite.getChildren()[Lorg/eclipse/swt/widgets/Control;",
      "Lorg/eclipse/swt/widgets/Composite.setFocus()Z",
      "Lorg/eclipse/swt/widgets/Control.isFocusControl()Z",
      "Lorg/eclipse/swt/widgets/Control.redraw()V",
      "Lorg/eclipse/swt/widgets/Control.redraw(IIIIZ)V",
      "Lorg/eclipse/swt/widgets/Control.setBackground(Lorg/eclipse/swt/graphics/Color;)V",
      "Lorg/eclipse/swt/widgets/Control.setEnabled(Z)V",
      "Lorg/eclipse/swt/widgets/Control.setFont(Lorg/eclipse/swt/graphics/Font;)V",
      "Lorg/eclipse/swt/widgets/Control.setForeground(Lorg/eclipse/swt/graphics/Color;)V",
      "Lorg/eclipse/swt/widgets/Control.setToolTipText(Ljava/lang/String;)V",
      "Lorg/eclipse/swt/widgets/Control.setVisible(Z)V",
      "Lorg/eclipse/swt/widgets/Widget.getStyle()I"
    ]
  },
  {
    "frequency": 6,
    "overriddenMethods": [
      "Lorg/eclipse/swt/widgets/Composite.computeSize(IIZ)Lorg/eclipse/swt/graphics/Point;",
      "Lorg/eclipse/swt/widgets/Composite.getChildren()[Lorg/eclipse/swt/widgets/Control;",
      "Lorg/eclipse/swt/widgets/Composite.setFocus()Z",
      "Lorg/eclipse/swt/widgets/Composite.setLayout(Lorg/eclipse/swt/widgets/Layout;)V",
      "Lorg/eclipse/swt/widgets/Control.isFocusControl()Z",
      "Lorg/eclipse/swt/widgets/Control.redraw()V",
      "Lorg/eclipse/swt/widgets/Control.redraw(IIIIZ)V",
      "Lorg/eclipse/swt/widgets/Control.setBackground(Lorg/eclipse/swt/graphics/Color;)V",
      "Lorg/eclipse/swt/widgets/Control.setEnabled(Z)V",
      "Lorg/eclipse/swt/widgets/Control.setFont(Lorg/eclipse/swt/graphics/Font;)V",
      "Lorg/eclipse/swt/widgets/Control.setForeground(Lorg/eclipse/swt/graphics/Color;)V",
      "Lorg/eclipse/swt/widgets/Control.setToolTipText(Ljava/lang/String;)V",
      "Lorg/eclipse/swt/widgets/Control.setVisible(Z)V",
      "Lorg/eclipse/swt/widgets/Widget.getStyle()I"
    ]
  },
  {
    "frequency": 1,
    "overriddenMethods": [
      "Lorg/eclipse/swt/widgets/Composite.setFocus()Z",
      "Lorg/eclipse/swt/widgets/Control.addMouseListener(Lorg/eclipse/swt/events/MouseListener;)V",
      "Lorg/eclipse/swt/widgets/Control.redraw()V",
      "Lorg/eclipse/swt/widgets/Control.removeMouseListener(Lorg/eclipse/swt/events/MouseListener;)V",
      "Lorg/eclipse/swt/widgets/Control.setRedraw(Z)V"
    ]
  },
  {
    "frequency": 1,
    "overriddenMethods": [
      "Lorg/eclipse/swt/widgets/Composite.getClientArea()Lorg/eclipse/swt/graphics/Rectangle;"
    ]
  },
  {
    "frequency": 1,
    "overriddenMethods": [
      "Lorg/eclipse/swt/widgets/Control.setEnabled(Z)V",
      "Lorg/eclipse/swt/widgets/Widget.addListener(ILorg/eclipse/swt/widgets/Listener;)V",
      "Lorg/eclipse/swt/widgets/Widget.dispose()V"
    ]
  },
  {
    "frequency": 3,
    "overriddenMethods": [
      "Lorg/eclipse/swt/widgets/Widget.addListener(ILorg/eclipse/swt/widgets/Listener;)V"
    ]
  },
  {
    "frequency": 1,
    "overriddenMethods": [
      "Lorg/eclipse/swt/widgets/Control.setToolTipText(Ljava/lang/String;)V",
      "Lorg/eclipse/swt/widgets/Widget.dispose()V"
    ]
  },
  {
    "frequency": 1,
    "overriddenMethods": [
      "Lorg/eclipse/swt/widgets/Composite.checkSubclass()V",
      "Lorg/eclipse/swt/widgets/Control.getEnabled()Z",
      "Lorg/eclipse/swt/widgets/Control.setEnabled(Z)V"
    ]
  },
  {
    "frequency": 2,
    "overriddenMethods": [
      "Lorg/eclipse/swt/widgets/Control.getFont()Lorg/eclipse/swt/graphics/Font;",
      "Lorg/eclipse/swt/widgets/Control.setFont(Lorg/eclipse/swt/graphics/Font;)V"
    ]
  },
  {
    "frequency": 2,
    "overriddenMethods": [
      "Lorg/eclipse/swt/widgets/Composite.computeSize(IIZ)Lorg/eclipse/swt/graphics/Point;",
      "Lorg/eclipse/swt/widgets/Control.setBounds(Lorg/eclipse/swt/graphics/Rectangle;)V"
    ]
  },
  {
    "frequency": 1,
    "overriddenMethods": [
      "Lorg/eclipse/swt/widgets/Composite.setFocus()Z",
      "Lorg/eclipse/swt/widgets/Control.getOrientation()I"
    ]
  },
  {
    "frequency": 1,
    "overriddenMethods": [
      "Lorg/eclipse/swt/widgets/Control.redraw()V",
      "Lorg/eclipse/swt/widgets/Control.setBackground(Lorg/eclipse/swt/graphics/Color;)V",
      "Lorg/eclipse/swt/widgets/Control.setBounds(IIII)V",
      "Lorg/eclipse/swt/widgets/Control.update()V",
      "Lorg/eclipse/swt/widgets/Widget.dispose()V"
    ]
  },
  {
    "frequency": 3,
    "overriddenMethods": [
      "Lorg/eclipse/swt/widgets/Composite.computeSize(IIZ)Lorg/eclipse/swt/graphics/Point;",
      "Lorg/eclipse/swt/widgets/Widget.dispose()V"
    ]
  },
  {
    "frequency": 1,
    "overriddenMethods": [
      "Lorg/eclipse/swt/widgets/Control.addTraverseListener(Lorg/eclipse/swt/events/TraverseListener;)V",
      "Lorg/eclipse/swt/widgets/Control.removeTraverseListener(Lorg/eclipse/swt/events/TraverseListener;)V"
    ]
  },
  {
    "frequency": 3,
    "overriddenMethods": [
      "Lorg/eclipse/swt/widgets/Control.getSize()Lorg/eclipse/swt/graphics/Point;"
    ]
  },
  {
    "frequency": 1,
    "overriddenMethods": [
      "Lorg/eclipse/swt/widgets/Composite.setFocus()Z",
      "Lorg/eclipse/swt/widgets/Widget.addListener(ILorg/eclipse/swt/widgets/Listener;)V",
      "Lorg/eclipse/swt/widgets/Widget.removeListener(ILorg/eclipse/swt/widgets/Listener;)V"
    ]
  },
  {
    "frequency": 10,
    "overriddenMethods": [
      "Lorg/eclipse/swt/widgets/Composite.checkSubclass()V",
      "Lorg/eclipse/swt/widgets/Widget.dispose()V"
    ]
  },
  {
    "frequency": 1,
    "overriddenMethods": [
      "Lorg/eclipse/swt/widgets/Composite.setFocus()Z",
      "Lorg/eclipse/swt/widgets/Control.addFocusListener(Lorg/eclipse/swt/events/FocusListener;)V",
      "Lorg/eclipse/swt/widgets/Control.getToolTipText()Ljava/lang/String;",
      "Lorg/eclipse/swt/widgets/Control.removeFocusListener(Lorg/eclipse/swt/events/FocusListener;)V",
      "Lorg/eclipse/swt/widgets/Control.setToolTipText(Ljava/lang/String;)V"
    ]
  },
  {
    "frequency": 3,
    "overriddenMethods": [
      "Lorg/eclipse/swt/widgets/Composite.computeSize(IIZ)Lorg/eclipse/swt/graphics/Point;",
      "Lorg/eclipse/swt/widgets/Composite.getChildren()[Lorg/eclipse/swt/widgets/Control;",
      "Lorg/eclipse/swt/widgets/Composite.setFocus()Z",
      "Lorg/eclipse/swt/widgets/Composite.setLayout(Lorg/eclipse/swt/widgets/Layout;)V",
      "Lorg/eclipse/swt/widgets/Control.getMenu()Lorg/eclipse/swt/widgets/Menu;",
      "Lorg/eclipse/swt/widgets/Control.isFocusControl()Z",
      "Lorg/eclipse/swt/widgets/Control.redraw()V",
      "Lorg/eclipse/swt/widgets/Control.redraw(IIIIZ)V",
      "Lorg/eclipse/swt/widgets/Control.setBackground(Lorg/eclipse/swt/graphics/Color;)V",
      "Lorg/eclipse/swt/widgets/Control.setEnabled(Z)V",
      "Lorg/eclipse/swt/widgets/Control.setFont(Lorg/eclipse/swt/graphics/Font;)V",
      "Lorg/eclipse/swt/widgets/Control.setForeground(Lorg/eclipse/swt/graphics/Color;)V",
      "Lorg/eclipse/swt/widgets/Control.setMenu(Lorg/eclipse/swt/widgets/Menu;)V",
      "Lorg/eclipse/swt/widgets/Control.setToolTipText(Ljava/lang/String;)V",
      "Lorg/eclipse/swt/widgets/Control.setVisible(Z)V",
      "Lorg/eclipse/swt/widgets/Widget.getStyle()I"
    ]
  },
  {
    "frequency": 5,
    "overriddenMethods": [
      "Lorg/eclipse/swt/widgets/Composite.computeSize(IIZ)Lorg/eclipse/swt/graphics/Point;",
      "Lorg/eclipse/swt/widgets/Control.setBackground(Lorg/eclipse/swt/graphics/Color;)V",
      "Lorg/eclipse/swt/widgets/Control.setEnabled(Z)V",
      "Lorg/eclipse/swt/widgets/Control.setFont(Lorg/eclipse/swt/graphics/Font;)V",
      "Lorg/eclipse/swt/widgets/Control.setForeground(Lorg/eclipse/swt/graphics/Color;)V",
      "Lorg/eclipse/swt/widgets/Control.setToolTipText(Ljava/lang/String;)V"
    ]
  },
  {
    "frequency": 1,
    "overriddenMethods": [
      "Lorg/eclipse/swt/widgets/Control.setToolTipText(Ljava/lang/String;)V"
    ]
  },
  {
    "frequency": 1,
    "overriddenMethods": [
      "Lorg/eclipse/swt/widgets/Control.getBackground()Lorg/eclipse/swt/graphics/Color;",
      "Lorg/eclipse/swt/widgets/Control.getEnabled()Z",
      "Lorg/eclipse/swt/widgets/Control.getFont()Lorg/eclipse/swt/graphics/Font;",
      "Lorg/eclipse/swt/widgets/Control.getForeground()Lorg/eclipse/swt/graphics/Color;",
      "Lorg/eclipse/swt/widgets/Control.setBackground(Lorg/eclipse/swt/graphics/Color;)V",
      "Lorg/eclipse/swt/widgets/Control.setEnabled(Z)V",
      "Lorg/eclipse/swt/widgets/Control.setFont(Lorg/eclipse/swt/graphics/Font;)V",
      "Lorg/eclipse/swt/widgets/Control.setForeground(Lorg/eclipse/swt/graphics/Color;)V"
    ]
  },
  {
    "frequency": 15,
    "overriddenMethods": [
      "Lorg/eclipse/swt/widgets/Composite.setFocus()Z"
    ]
  },
  {
    "frequency": 1,
    "overriddenMethods": [
      "Lorg/eclipse/swt/widgets/Control.addKeyListener(Lorg/eclipse/swt/events/KeyListener;)V",
      "Lorg/eclipse/swt/widgets/Control.addMouseListener(Lorg/eclipse/swt/events/MouseListener;)V",
      "Lorg/eclipse/swt/widgets/Control.setFont(Lorg/eclipse/swt/graphics/Font;)V"
    ]
  },
  {
    "frequency": 1,
    "overriddenMethods": [
      "Lorg/eclipse/swt/widgets/Control.getToolTipText()Ljava/lang/String;",
      "Lorg/eclipse/swt/widgets/Control.pack()V",
      "Lorg/eclipse/swt/widgets/Control.redraw()V",
      "Lorg/eclipse/swt/widgets/Control.setEnabled(Z)V",
      "Lorg/eclipse/swt/widgets/Control.setToolTipText(Ljava/lang/String;)V",
      "Lorg/eclipse/swt/widgets/Control.update()V",
      "Lorg/eclipse/swt/widgets/Widget.addListener(ILorg/eclipse/swt/widgets/Listener;)V",
      "Lorg/eclipse/swt/widgets/Widget.dispose()V"
    ]
  },
  {
    "frequency": 1,
    "overriddenMethods": [
      "Lorg/eclipse/swt/widgets/Control.setBackground(Lorg/eclipse/swt/graphics/Color;)V",
      "Lorg/eclipse/swt/widgets/Control.setEnabled(Z)V"
    ]
  },
  {
    "frequency": 1,
    "overriddenMethods": [
      "Lorg/eclipse/swt/widgets/Composite.computeSize(IIZ)Lorg/eclipse/swt/graphics/Point;",
      "Lorg/eclipse/swt/widgets/Control.setBackground(Lorg/eclipse/swt/graphics/Color;)V",
      "Lorg/eclipse/swt/widgets/Control.setForeground(Lorg/eclipse/swt/graphics/Color;)V"
    ]
  },
  {
    "frequency": 3,
    "overriddenMethods": [
      "Lorg/eclipse/swt/widgets/Control.getEnabled()Z",
      "Lorg/eclipse/swt/widgets/Control.setEnabled(Z)V"
    ]
  },
  {
    "frequency": 1,
    "overriddenMethods": [
      "Lorg/eclipse/swt/widgets/Control.getEnabled()Z",
      "Lorg/eclipse/swt/widgets/Control.isEnabled()Z",
      "Lorg/eclipse/swt/widgets/Control.setEnabled(Z)V"
    ]
  },
  {
    "frequency": 4,
    "overriddenMethods": [
      "Lorg/eclipse/swt/widgets/Composite.setFocus()Z",
      "Lorg/eclipse/swt/widgets/Control.setEnabled(Z)V"
    ]
  },
  {
    "frequency": 1,
    "overriddenMethods": [
      "Lorg/eclipse/swt/widgets/Control.setVisible(Z)V",
      "Lorg/eclipse/swt/widgets/Widget.dispose()V"
    ]
  },
  {
    "frequency": 1,
    "overriddenMethods": [
      "Lorg/eclipse/swt/widgets/Composite.setLayout(Lorg/eclipse/swt/widgets/Layout;)V",
      "Lorg/eclipse/swt/widgets/Control.setBackground(Lorg/eclipse/swt/graphics/Color;)V",
      "Lorg/eclipse/swt/widgets/Control.setForeground(Lorg/eclipse/swt/graphics/Color;)V",
      "Lorg/eclipse/swt/widgets/Widget.getStyle()I"
    ]
  },
  {
    "frequency": 3,
    "overriddenMethods": [
      "Lorg/eclipse/swt/widgets/Widget.getData()Ljava/lang/Object;"
    ]
  },
  {
    "frequency": 3,
    "overriddenMethods": [
      "Lorg/eclipse/swt/widgets/Control.getBounds()Lorg/eclipse/swt/graphics/Rectangle;",
      "Lorg/eclipse/swt/widgets/Control.getSize()Lorg/eclipse/swt/graphics/Point;"
    ]
  },
  {
    "frequency": 4,
    "overriddenMethods": [
      "Lorg/eclipse/swt/widgets/Composite.setLayout(Lorg/eclipse/swt/widgets/Layout;)V",
      "Lorg/eclipse/swt/widgets/Control.getOrientation()I",
      "Lorg/eclipse/swt/widgets/Control.setBackground(Lorg/eclipse/swt/graphics/Color;)V",
      "Lorg/eclipse/swt/widgets/Control.setForeground(Lorg/eclipse/swt/graphics/Color;)V",
      "Lorg/eclipse/swt/widgets/Control.setOrientation(I)V",
      "Lorg/eclipse/swt/widgets/Widget.getStyle()I"
    ]
  },
  {
    "frequency": 1,
    "overriddenMethods": [
      "Lorg/eclipse/swt/widgets/Composite.computeSize(IIZ)Lorg/eclipse/swt/graphics/Point;",
      "Lorg/eclipse/swt/widgets/Control.setBackground(Lorg/eclipse/swt/graphics/Color;)V",
      "Lorg/eclipse/swt/widgets/Control.setForeground(Lorg/eclipse/swt/graphics/Color;)V",
      "Lorg/eclipse/swt/widgets/Control.setToolTipText(Ljava/lang/String;)V",
      "Lorg/eclipse/swt/widgets/Widget.addListener(ILorg/eclipse/swt/widgets/Listener;)V",
      "Lorg/eclipse/swt/widgets/Widget.isDisposed()Z",
      "Lorg/eclipse/swt/widgets/Widget.removeListener(ILorg/eclipse/swt/widgets/Listener;)V",
      "Lorg/eclipse/swt/widgets/Widget.setData(Ljava/lang/Object;)V",
      "Lorg/eclipse/swt/widgets/Widget.setData(Ljava/lang/String;Ljava/lang/Object;)V"
    ]
  },
  {
    "frequency": 1,
    "overriddenMethods": [
      "Lorg/eclipse/swt/widgets/Composite.getClientArea()Lorg/eclipse/swt/graphics/Rectangle;",
      "Lorg/eclipse/swt/widgets/Composite.setLayout(Lorg/eclipse/swt/widgets/Layout;)V",
      "Lorg/eclipse/swt/widgets/Control.setBackground(Lorg/eclipse/swt/graphics/Color;)V",
      "Lorg/eclipse/swt/widgets/Control.setFont(Lorg/eclipse/swt/graphics/Font;)V",
      "Lorg/eclipse/swt/widgets/Control.setForeground(Lorg/eclipse/swt/graphics/Color;)V",
      "Lorg/eclipse/swt/widgets/Scrollable.computeTrim(IIII)Lorg/eclipse/swt/graphics/Rectangle;",
      "Lorg/eclipse/swt/widgets/Widget.getStyle()I"
    ]
  },
  {
    "frequency": 1,
    "overriddenMethods": [
      "Lorg/eclipse/swt/widgets/Composite.checkSubclass()V",
      "Lorg/eclipse/swt/widgets/Control.setEnabled(Z)V"
    ]
  },
  {
    "frequency": 5,
    "overriddenMethods": [
      "Lorg/eclipse/swt/widgets/Control.update()V"
    ]
  },
  {
    "frequency": 1,
    "overriddenMethods": [
      "Lorg/eclipse/swt/widgets/Composite.layout(Z)V",
      "Lorg/eclipse/swt/widgets/Composite.setLayout(Lorg/eclipse/swt/widgets/Layout;)V",
      "Lorg/eclipse/swt/widgets/Control.getOrientation()I",
      "Lorg/eclipse/swt/widgets/Control.setOrientation(I)V"
    ]
  },
  {
    "frequency": 6,
    "overriddenMethods": [
      "Lorg/eclipse/swt/widgets/Composite.layout(Z)V"
    ]
  },
  {
    "frequency": 1,
    "overriddenMethods": [
      "Lorg/eclipse/swt/widgets/Composite.getClientArea()Lorg/eclipse/swt/graphics/Rectangle;",
      "Lorg/eclipse/swt/widgets/Control.getBackground()Lorg/eclipse/swt/graphics/Color;",
      "Lorg/eclipse/swt/widgets/Control.setBackground(Lorg/eclipse/swt/graphics/Color;)V",
      "Lorg/eclipse/swt/widgets/Widget.dispose()V"
    ]
  },
  {
    "frequency": 7,
    "overriddenMethods": [
      "Lorg/eclipse/swt/widgets/Composite.setFocus()Z",
      "Lorg/eclipse/swt/widgets/Widget.dispose()V"
    ]
  },
  {
    "frequency": 2,
    "overriddenMethods": [
      "Lorg/eclipse/swt/widgets/Widget.addListener(ILorg/eclipse/swt/widgets/Listener;)V",
      "Lorg/eclipse/swt/widgets/Widget.removeListener(ILorg/eclipse/swt/widgets/Listener;)V"
    ]
  },
  {
    "frequency": 1,
    "overriddenMethods": [
      "Lorg/eclipse/swt/widgets/Control.addTraverseListener(Lorg/eclipse/swt/events/TraverseListener;)V",
      "Lorg/eclipse/swt/widgets/Control.removeTraverseListener(Lorg/eclipse/swt/events/TraverseListener;)V",
      "Lorg/eclipse/swt/widgets/Control.setBackground(Lorg/eclipse/swt/graphics/Color;)V"
    ]
  },
  {
    "frequency": 1,
    "overriddenMethods": [
      "Lorg/eclipse/swt/widgets/Composite.setFocus()Z",
      "Lorg/eclipse/swt/widgets/Control.addKeyListener(Lorg/eclipse/swt/events/KeyListener;)V",
      "Lorg/eclipse/swt/widgets/Control.addMouseListener(Lorg/eclipse/swt/events/MouseListener;)V",
      "Lorg/eclipse/swt/widgets/Control.getMenu()Lorg/eclipse/swt/widgets/Menu;",
      "Lorg/eclipse/swt/widgets/Control.setMenu(Lorg/eclipse/swt/widgets/Menu;)V",
      "Lorg/eclipse/swt/widgets/Widget.addListener(ILorg/eclipse/swt/widgets/Listener;)V"
    ]
  },
  {
    "frequency": 1,
    "overriddenMethods": [
      "Lorg/eclipse/swt/widgets/Control.setBackground(Lorg/eclipse/swt/graphics/Color;)V",
      "Lorg/eclipse/swt/widgets/Control.setEnabled(Z)V",
      "Lorg/eclipse/swt/widgets/Control.setForeground(Lorg/eclipse/swt/graphics/Color;)V",
      "Lorg/eclipse/swt/widgets/Control.setToolTipText(Ljava/lang/String;)V",
      "Lorg/eclipse/swt/widgets/Widget.dispose()V"
    ]
  },
  {
    "frequency": 2,
    "overriddenMethods": [
      "Lorg/eclipse/swt/widgets/Composite.setFocus()Z",
      "Lorg/eclipse/swt/widgets/Control.setVisible(Z)V"
    ]
  },
  {
    "frequency": 1,
    "overriddenMethods": [
      "Lorg/eclipse/swt/widgets/Composite.computeSize(IIZ)Lorg/eclipse/swt/graphics/Point;",
      "Lorg/eclipse/swt/widgets/Composite.setFocus()Z",
      "Lorg/eclipse/swt/widgets/Control.redraw()V",
      "Lorg/eclipse/swt/widgets/Widget.getStyle()I"
    ]
  },
  {
    "frequency": 9,
    "overriddenMethods": [
      "Lorg/eclipse/swt/widgets/Control.setBackground(Lorg/eclipse/swt/graphics/Color;)V"
    ]
  },
  {
    "frequency": 1,
    "overriddenMethods": [
      "Lorg/eclipse/swt/widgets/Composite.setFocus()Z",
      "Lorg/eclipse/swt/widgets/Control.setMenu(Lorg/eclipse/swt/widgets/Menu;)V",
      "Lorg/eclipse/swt/widgets/Widget.dispose()V"
    ]
  },
  {
    "frequency": 1,
    "overriddenMethods": [
      "Lorg/eclipse/swt/widgets/Composite.computeSize(IIZ)Lorg/eclipse/swt/graphics/Point;",
      "Lorg/eclipse/swt/widgets/Control.redraw()V",
      "Lorg/eclipse/swt/widgets/Control.redraw(IIIIZ)V",
      "Lorg/eclipse/swt/widgets/Control.setBackground(Lorg/eclipse/swt/graphics/Color;)V",
      "Lorg/eclipse/swt/widgets/Control.setEnabled(Z)V",
      "Lorg/eclipse/swt/widgets/Control.setToolTipText(Ljava/lang/String;)V"
    ]
  },
  {
    "frequency": 1,
    "overriddenMethods": [
      "Lorg/eclipse/swt/widgets/Control.addFocusListener(Lorg/eclipse/swt/events/FocusListener;)V",
      "Lorg/eclipse/swt/widgets/Control.addKeyListener(Lorg/eclipse/swt/events/KeyListener;)V",
      "Lorg/eclipse/swt/widgets/Control.setEnabled(Z)V"
    ]
  },
  {
    "frequency": 1,
    "overriddenMethods": [
      "Lorg/eclipse/swt/widgets/Composite.setFocus()Z",
      "Lorg/eclipse/swt/widgets/Composite.setLayout(Lorg/eclipse/swt/widgets/Layout;)V",
      "Lorg/eclipse/swt/widgets/Control.addFocusListener(Lorg/eclipse/swt/events/FocusListener;)V",
      "Lorg/eclipse/swt/widgets/Control.removeFocusListener(Lorg/eclipse/swt/events/FocusListener;)V",
      "Lorg/eclipse/swt/widgets/Control.setEnabled(Z)V"
    ]
  },
  {
    "frequency": 2,
    "overriddenMethods": [
      "Lorg/eclipse/swt/widgets/Composite.computeSize(IIZ)Lorg/eclipse/swt/graphics/Point;",
      "Lorg/eclipse/swt/widgets/Composite.layout(Z)V",
      "Lorg/eclipse/swt/widgets/Composite.setLayout(Lorg/eclipse/swt/widgets/Layout;)V",
      "Lorg/eclipse/swt/widgets/Control.getOrientation()I",
      "Lorg/eclipse/swt/widgets/Control.setOrientation(I)V"
    ]
  },
  {
    "frequency": 1,
    "overriddenMethods": [
      "Lorg/eclipse/swt/widgets/Composite.setFocus()Z",
      "Lorg/eclipse/swt/widgets/Control.addKeyListener(Lorg/eclipse/swt/events/KeyListener;)V",
      "Lorg/eclipse/swt/widgets/Control.getToolTipText()Ljava/lang/String;",
      "Lorg/eclipse/swt/widgets/Control.isFocusControl()Z",
      "Lorg/eclipse/swt/widgets/Control.removeKeyListener(Lorg/eclipse/swt/events/KeyListener;)V",
      "Lorg/eclipse/swt/widgets/Control.setToolTipText(Ljava/lang/String;)V"
    ]
  },
  {
    "frequency": 1,
    "overriddenMethods": [
      "Lorg/eclipse/swt/widgets/Composite.getClientArea()Lorg/eclipse/swt/graphics/Rectangle;",
      "Lorg/eclipse/swt/widgets/Composite.setFocus()Z",
      "Lorg/eclipse/swt/widgets/Control.redraw()V",
      "Lorg/eclipse/swt/widgets/Control.setBackground(Lorg/eclipse/swt/graphics/Color;)V",
      "Lorg/eclipse/swt/widgets/Control.setCursor(Lorg/eclipse/swt/graphics/Cursor;)V",
      "Lorg/eclipse/swt/widgets/Control.setToolTipText(Ljava/lang/String;)V",
      "Lorg/eclipse/swt/widgets/Scrollable.computeTrim(IIII)Lorg/eclipse/swt/graphics/Rectangle;",
      "Lorg/eclipse/swt/widgets/Scrollable.getHorizontalBar()Lorg/eclipse/swt/widgets/ScrollBar;",
      "Lorg/eclipse/swt/widgets/Scrollable.getVerticalBar()Lorg/eclipse/swt/widgets/ScrollBar;",
      "Lorg/eclipse/swt/widgets/Widget.dispose()V"
    ]
  },
  {
    "frequency": 1,
    "overriddenMethods": [
      "Lorg/eclipse/swt/widgets/Control.addKeyListener(Lorg/eclipse/swt/events/KeyListener;)V",
      "Lorg/eclipse/swt/widgets/Control.addMouseListener(Lorg/eclipse/swt/events/MouseListener;)V",
      "Lorg/eclipse/swt/widgets/Control.addTraverseListener(Lorg/eclipse/swt/events/TraverseListener;)V",
      "Lorg/eclipse/swt/widgets/Widget.notifyListeners(ILorg/eclipse/swt/widgets/Event;)V"
    ]
  },
  {
    "frequency": 1,
    "overriddenMethods": [
      "Lorg/eclipse/swt/widgets/Control.isFocusControl()Z",
      "Lorg/eclipse/swt/widgets/Control.setFont(Lorg/eclipse/swt/graphics/Font;)V",
      "Lorg/eclipse/swt/widgets/Widget.dispose()V"
    ]
  },
  {
    "frequency": 1,
    "overriddenMethods": [
      "Lorg/eclipse/swt/widgets/Control.setBackground(Lorg/eclipse/swt/graphics/Color;)V",
      "Lorg/eclipse/swt/widgets/Control.setEnabled(Z)V",
      "Lorg/eclipse/swt/widgets/Widget.dispose()V"
    ]
  },
  {
    "frequency": 1,
    "overriddenMethods": [
      "Lorg/eclipse/swt/widgets/Composite.setFocus()Z",
      "Lorg/eclipse/swt/widgets/Control.addFocusListener(Lorg/eclipse/swt/events/FocusListener;)V",
      "Lorg/eclipse/swt/widgets/Control.forceFocus()Z",
      "Lorg/eclipse/swt/widgets/Control.isFocusControl()Z"
    ]
  },
  {
    "frequency": 1,
    "overriddenMethods": [
      "Lorg/eclipse/swt/widgets/Composite.computeSize(IIZ)Lorg/eclipse/swt/graphics/Point;",
      "Lorg/eclipse/swt/widgets/Composite.setFocus()Z",
      "Lorg/eclipse/swt/widgets/Composite.setLayout(Lorg/eclipse/swt/widgets/Layout;)V",
      "Lorg/eclipse/swt/widgets/Control.isFocusControl()Z",
      "Lorg/eclipse/swt/widgets/Control.redraw()V",
      "Lorg/eclipse/swt/widgets/Control.redraw(IIIIZ)V",
      "Lorg/eclipse/swt/widgets/Control.setBackground(Lorg/eclipse/swt/graphics/Color;)V",
      "Lorg/eclipse/swt/widgets/Control.setEnabled(Z)V",
      "Lorg/eclipse/swt/widgets/Control.setFont(Lorg/eclipse/swt/graphics/Font;)V",
      "Lorg/eclipse/swt/widgets/Control.setForeground(Lorg/eclipse/swt/graphics/Color;)V",
      "Lorg/eclipse/swt/widgets/Control.setToolTipText(Ljava/lang/String;)V",
      "Lorg/eclipse/swt/widgets/Control.setVisible(Z)V",
      "Lorg/eclipse/swt/widgets/Widget.getStyle()I"
    ]
  },
  {
    "frequency": 4,
    "overriddenMethods": [
      "Lorg/eclipse/swt/widgets/Control.setEnabled(Z)V",
      "Lorg/eclipse/swt/widgets/Widget.dispose()V"
    ]
  },
  {
    "frequency": 1,
    "overriddenMethods": [
      "Lorg/eclipse/swt/widgets/Control.getBackgroundImage()Lorg/eclipse/swt/graphics/Image;",
      "Lorg/eclipse/swt/widgets/Control.setBackground(Lorg/eclipse/swt/graphics/Color;)V",
      "Lorg/eclipse/swt/widgets/Control.setBackgroundImage(Lorg/eclipse/swt/graphics/Image;)V",
      "Lorg/eclipse/swt/widgets/Control.setFont(Lorg/eclipse/swt/graphics/Font;)V",
      "Lorg/eclipse/swt/widgets/Control.setForeground(Lorg/eclipse/swt/graphics/Color;)V",
      "Lorg/eclipse/swt/widgets/Control.setMenu(Lorg/eclipse/swt/widgets/Menu;)V"
    ]
  },
  {
    "frequency": 1,
    "overriddenMethods": [
      "Lorg/eclipse/swt/widgets/Control.setForeground(Lorg/eclipse/swt/graphics/Color;)V"
    ]
  },
  {
    "frequency": 1,
    "overriddenMethods": [
      "Lorg/eclipse/swt/widgets/Composite.getLayout()Lorg/eclipse/swt/widgets/Layout;"
    ]
  },
  {
    "frequency": 3,
    "overriddenMethods": [
      "Lorg/eclipse/swt/widgets/Composite.computeSize(IIZ)Lorg/eclipse/swt/graphics/Point;",
      "Lorg/eclipse/swt/widgets/Control.setEnabled(Z)V"
    ]
  },
  {
    "frequency": 1,
    "overriddenMethods": [
      "Lorg/eclipse/swt/widgets/Composite.checkSubclass()V",
      "Lorg/eclipse/swt/widgets/Composite.setFocus()Z"
    ]
  },
  {
    "frequency": 1,
    "overriddenMethods": [
      "Lorg/eclipse/swt/widgets/Control.setEnabled(Z)V",
      "Lorg/eclipse/swt/widgets/Widget.setData(Ljava/lang/Object;)V"
    ]
  },
  {
    "frequency": 1,
    "overriddenMethods": [
      "Ljava/lang/Object.finalize()V"
    ]
  },
  {
    "frequency": 1,
    "overriddenMethods": [
      "Lorg/eclipse/swt/widgets/Control.getOrientation()I",
      "Lorg/eclipse/swt/widgets/Control.redraw()V",
      "Lorg/eclipse/swt/widgets/Control.setBackground(Lorg/eclipse/swt/graphics/Color;)V",
      "Lorg/eclipse/swt/widgets/Control.setOrientation(I)V",
      "Lorg/eclipse/swt/widgets/Control.update()V",
      "Lorg/eclipse/swt/widgets/Widget.dispose()V"
    ]
  },
  {
    "frequency": 1,
    "overriddenMethods": [
      "Lorg/eclipse/swt/widgets/Control.addKeyListener(Lorg/eclipse/swt/events/KeyListener;)V",
      "Lorg/eclipse/swt/widgets/Control.addMouseListener(Lorg/eclipse/swt/events/MouseListener;)V",
      "Lorg/eclipse/swt/widgets/Control.removeKeyListener(Lorg/eclipse/swt/events/KeyListener;)V",
      "Lorg/eclipse/swt/widgets/Control.removeMouseListener(Lorg/eclipse/swt/events/MouseListener;)V",
      "Lorg/eclipse/swt/widgets/Control.setMenu(Lorg/eclipse/swt/widgets/Menu;)V"
    ]
  },
  {
    "frequency": 1,
    "overriddenMethods": [
      "Lorg/eclipse/swt/widgets/Control.getVisible()Z"
    ]
  },
  {
    "frequency": 1,
    "overriddenMethods": [
      "Lorg/eclipse/swt/widgets/Composite.setFocus()Z",
      "Lorg/eclipse/swt/widgets/Control.computeSize(II)Lorg/eclipse/swt/graphics/Point;"
    ]
  },
  {
    "frequency": 1,
    "overriddenMethods": [
      "Lorg/eclipse/swt/widgets/Control.setBackground(Lorg/eclipse/swt/graphics/Color;)V",
      "Lorg/eclipse/swt/widgets/Control.setMenu(Lorg/eclipse/swt/widgets/Menu;)V",
      "Lorg/eclipse/swt/widgets/Widget.dispose()V"
    ]
  },
  {
    "frequency": 1,
    "overriddenMethods": [
      "Lorg/eclipse/swt/widgets/Control.addFocusListener(Lorg/eclipse/swt/events/FocusListener;)V",
      "Lorg/eclipse/swt/widgets/Control.addKeyListener(Lorg/eclipse/swt/events/KeyListener;)V",
      "Lorg/eclipse/swt/widgets/Control.addMouseListener(Lorg/eclipse/swt/events/MouseListener;)V",
      "Lorg/eclipse/swt/widgets/Control.addTraverseListener(Lorg/eclipse/swt/events/TraverseListener;)V",
      "Lorg/eclipse/swt/widgets/Control.forceFocus()Z",
      "Lorg/eclipse/swt/widgets/Control.isFocusControl()Z",
      "Lorg/eclipse/swt/widgets/Control.removeFocusListener(Lorg/eclipse/swt/events/FocusListener;)V",
      "Lorg/eclipse/swt/widgets/Control.removeKeyListener(Lorg/eclipse/swt/events/KeyListener;)V",
      "Lorg/eclipse/swt/widgets/Control.removeMouseListener(Lorg/eclipse/swt/events/MouseListener;)V",
      "Lorg/eclipse/swt/widgets/Control.removeTraverseListener(Lorg/eclipse/swt/events/TraverseListener;)V",
      "Lorg/eclipse/swt/widgets/Widget.notifyListeners(ILorg/eclipse/swt/widgets/Event;)V"
    ]
  },
  {
    "frequency": 1,
    "overriddenMethods": [
      "Lorg/eclipse/swt/widgets/Composite.layout(ZZ)V",
      "Lorg/eclipse/swt/widgets/Composite.layout([Lorg/eclipse/swt/widgets/Control;)V",
      "Lorg/eclipse/swt/widgets/Control.redraw()V",
      "Lorg/eclipse/swt/widgets/Control.redraw(IIIIZ)V",
      "Lorg/eclipse/swt/widgets/Control.setBackground(Lorg/eclipse/swt/graphics/Color;)V",
      "Lorg/eclipse/swt/widgets/Control.setMenu(Lorg/eclipse/swt/widgets/Menu;)V"
    ]
  },
  {
    "frequency": 1,
    "overriddenMethods": [
      "Lorg/eclipse/swt/widgets/Control.isVisible()Z",
      "Lorg/eclipse/swt/widgets/Control.setBackground(Lorg/eclipse/swt/graphics/Color;)V",
      "Lorg/eclipse/swt/widgets/Control.setFont(Lorg/eclipse/swt/graphics/Font;)V",
      "Lorg/eclipse/swt/widgets/Control.setForeground(Lorg/eclipse/swt/graphics/Color;)V",
      "Lorg/eclipse/swt/widgets/Control.setVisible(Z)V",
      "Lorg/eclipse/swt/widgets/Widget.dispose()V"
    ]
  },
  {
    "frequency": 38,
    "overriddenMethods": [
      "Lorg/eclipse/swt/widgets/Composite.computeSize(IIZ)Lorg/eclipse/swt/graphics/Point;"
    ]
  },
  {
    "frequency": 1,
    "overriddenMethods": [
      "Lorg/eclipse/swt/widgets/Composite.computeSize(IIZ)Lorg/eclipse/swt/graphics/Point;",
      "Lorg/eclipse/swt/widgets/Composite.getChildren()[Lorg/eclipse/swt/widgets/Control;",
      "Lorg/eclipse/swt/widgets/Control.isFocusControl()Z",
      "Lorg/eclipse/swt/widgets/Control.redraw()V",
      "Lorg/eclipse/swt/widgets/Control.redraw(IIIIZ)V",
      "Lorg/eclipse/swt/widgets/Control.setBackground(Lorg/eclipse/swt/graphics/Color;)V",
      "Lorg/eclipse/swt/widgets/Control.setFont(Lorg/eclipse/swt/graphics/Font;)V",
      "Lorg/eclipse/swt/widgets/Control.setForeground(Lorg/eclipse/swt/graphics/Color;)V",
      "Lorg/eclipse/swt/widgets/Control.setMenu(Lorg/eclipse/swt/widgets/Menu;)V",
      "Lorg/eclipse/swt/widgets/Control.setRedraw(Z)V",
      "Lorg/eclipse/swt/widgets/Widget.notifyListeners(ILorg/eclipse/swt/widgets/Event;)V"
    ]
  },
  {
    "frequency": 1,
    "overriddenMethods": [
      "Lorg/eclipse/swt/widgets/Composite.computeSize(IIZ)Lorg/eclipse/swt/graphics/Point;",
      "Lorg/eclipse/swt/widgets/Control.computeSize(II)Lorg/eclipse/swt/graphics/Point;",
      "Lorg/eclipse/swt/widgets/Control.getSize()Lorg/eclipse/swt/graphics/Point;",
      "Lorg/eclipse/swt/widgets/Widget.dispose()V"
    ]
  },
  {
    "frequency": 1,
    "overriddenMethods": [
      "Lorg/eclipse/swt/widgets/Composite.checkSubclass()V",
      "Lorg/eclipse/swt/widgets/Composite.computeSize(IIZ)Lorg/eclipse/swt/graphics/Point;",
      "Lorg/eclipse/swt/widgets/Composite.getChildren()[Lorg/eclipse/swt/widgets/Control;",
      "Lorg/eclipse/swt/widgets/Composite.setFocus()Z",
      "Lorg/eclipse/swt/widgets/Composite.setLayout(Lorg/eclipse/swt/widgets/Layout;)V",
      "Lorg/eclipse/swt/widgets/Control.getMenu()Lorg/eclipse/swt/widgets/Menu;",
      "Lorg/eclipse/swt/widgets/Control.getShell()Lorg/eclipse/swt/widgets/Shell;",
      "Lorg/eclipse/swt/widgets/Control.isFocusControl()Z",
      "Lorg/eclipse/swt/widgets/Control.redraw()V",
      "Lorg/eclipse/swt/widgets/Control.redraw(IIIIZ)V",
      "Lorg/eclipse/swt/widgets/Control.setBackground(Lorg/eclipse/swt/graphics/Color;)V",
      "Lorg/eclipse/swt/widgets/Control.setEnabled(Z)V",
      "Lorg/eclipse/swt/widgets/Control.setFont(Lorg/eclipse/swt/graphics/Font;)V",
      "Lorg/eclipse/swt/widgets/Control.setForeground(Lorg/eclipse/swt/graphics/Color;)V",
      "Lorg/eclipse/swt/widgets/Control.setMenu(Lorg/eclipse/swt/widgets/Menu;)V",
      "Lorg/eclipse/swt/widgets/Control.setToolTipText(Ljava/lang/String;)V",
      "Lorg/eclipse/swt/widgets/Control.setVisible(Z)V",
      "Lorg/eclipse/swt/widgets/Widget.getStyle()I"
    ]
  },
  {
    "frequency": 1,
    "overriddenMethods": [
      "Lorg/eclipse/swt/widgets/Composite.computeSize(IIZ)Lorg/eclipse/swt/graphics/Point;",
      "Lorg/eclipse/swt/widgets/Scrollable.getBorderWidth()I"
    ]
  },
  {
    "frequency": 2,
    "overriddenMethods": [
      "Lorg/eclipse/swt/widgets/Composite.computeSize(IIZ)Lorg/eclipse/swt/graphics/Point;",
      "Lorg/eclipse/swt/widgets/Control.setEnabled(Z)V",
      "Lorg/eclipse/swt/widgets/Control.setFont(Lorg/eclipse/swt/graphics/Font;)V"
    ]
  },
  {
    "frequency": 1,
    "overriddenMethods": [
      "Lorg/eclipse/swt/widgets/Composite.computeSize(IIZ)Lorg/eclipse/swt/graphics/Point;",
      "Lorg/eclipse/swt/widgets/Composite.getChildren()[Lorg/eclipse/swt/widgets/Control;",
      "Lorg/eclipse/swt/widgets/Composite.setFocus()Z",
      "Lorg/eclipse/swt/widgets/Composite.setLayout(Lorg/eclipse/swt/widgets/Layout;)V",
      "Lorg/eclipse/swt/widgets/Control.isFocusControl()Z",
      "Lorg/eclipse/swt/widgets/Control.redraw()V",
      "Lorg/eclipse/swt/widgets/Control.redraw(IIIIZ)V",
      "Lorg/eclipse/swt/widgets/Control.setEnabled(Z)V",
      "Lorg/eclipse/swt/widgets/Control.setFont(Lorg/eclipse/swt/graphics/Font;)V",
      "Lorg/eclipse/swt/widgets/Control.setToolTipText(Ljava/lang/String;)V",
      "Lorg/eclipse/swt/widgets/Control.setVisible(Z)V",
      "Lorg/eclipse/swt/widgets/Widget.getStyle()I"
    ]
  },
  {
    "frequency": 1,
    "overriddenMethods": [
      "Lorg/eclipse/swt/widgets/Composite.computeSize(IIZ)Lorg/eclipse/swt/graphics/Point;",
      "Lorg/eclipse/swt/widgets/Composite.layout(Z)V"
    ]
  },
  {
    "frequency": 1,
    "overriddenMethods": [
      "Lorg/eclipse/swt/widgets/Control.setBackground(Lorg/eclipse/swt/graphics/Color;)V",
      "Lorg/eclipse/swt/widgets/Control.setFont(Lorg/eclipse/swt/graphics/Font;)V",
      "Lorg/eclipse/swt/widgets/Control.setForeground(Lorg/eclipse/swt/graphics/Color;)V"
    ]
  },
  {
    "frequency": 2,
    "overriddenMethods": [
      "Lorg/eclipse/swt/widgets/Control.addMouseListener(Lorg/eclipse/swt/events/MouseListener;)V"
    ]
  },
  {
    "frequency": 1,
    "overriddenMethods": [
      "Lorg/eclipse/swt/widgets/Composite.layout()V",
      "Lorg/eclipse/swt/widgets/Composite.setFocus()Z"
    ]
  },
  {
    "frequency": 1,
    "overriddenMethods": [
      "Lorg/eclipse/swt/widgets/Composite.setFocus()Z",
      "Lorg/eclipse/swt/widgets/Control.setFont(Lorg/eclipse/swt/graphics/Font;)V"
    ]
  },
  {
    "frequency": 7,
    "overriddenMethods": [
      "Lorg/eclipse/swt/widgets/Control.isEnabled()Z",
      "Lorg/eclipse/swt/widgets/Control.setEnabled(Z)V"
    ]
  },
  {
    "frequency": 18,
    "overriddenMethods": [
      "Lorg/eclipse/swt/widgets/Composite.checkSubclass()V"
    ]
  },
  {
    "frequency": 4,
    "overriddenMethods": [
      "Lorg/eclipse/swt/widgets/Control.setEnabled(Z)V",
      "Lorg/eclipse/swt/widgets/Control.setToolTipText(Ljava/lang/String;)V"
    ]
  },
  {
    "frequency": 93,
    "overriddenMethods": [
      "Lorg/eclipse/swt/widgets/Control.setEnabled(Z)V"
    ]
  },
  {
    "frequency": 3,
    "overriddenMethods": [
      "Lorg/eclipse/swt/widgets/Control.redraw()V"
    ]
  },
  {
    "frequency": 1,
    "overriddenMethods": [
      "Lorg/eclipse/swt/widgets/Composite.computeSize(IIZ)Lorg/eclipse/swt/graphics/Point;",
      "Lorg/eclipse/swt/widgets/Composite.getChildren()[Lorg/eclipse/swt/widgets/Control;",
      "Lorg/eclipse/swt/widgets/Composite.setFocus()Z",
      "Lorg/eclipse/swt/widgets/Composite.setLayout(Lorg/eclipse/swt/widgets/Layout;)V",
      "Lorg/eclipse/swt/widgets/Control.getMenu()Lorg/eclipse/swt/widgets/Menu;",
      "Lorg/eclipse/swt/widgets/Control.getShell()Lorg/eclipse/swt/widgets/Shell;",
      "Lorg/eclipse/swt/widgets/Control.isFocusControl()Z",
      "Lorg/eclipse/swt/widgets/Control.redraw()V",
      "Lorg/eclipse/swt/widgets/Control.redraw(IIIIZ)V",
      "Lorg/eclipse/swt/widgets/Control.setBackground(Lorg/eclipse/swt/graphics/Color;)V",
      "Lorg/eclipse/swt/widgets/Control.setEnabled(Z)V",
      "Lorg/eclipse/swt/widgets/Control.setFont(Lorg/eclipse/swt/graphics/Font;)V",
      "Lorg/eclipse/swt/widgets/Control.setForeground(Lorg/eclipse/swt/graphics/Color;)V",
      "Lorg/eclipse/swt/widgets/Control.setMenu(Lorg/eclipse/swt/widgets/Menu;)V",
      "Lorg/eclipse/swt/widgets/Control.setToolTipText(Ljava/lang/String;)V",
      "Lorg/eclipse/swt/widgets/Control.setVisible(Z)V",
      "Lorg/eclipse/swt/widgets/Widget.getStyle()I"
    ]
  },
  {
    "frequency": 1,
    "overriddenMethods": [
      "Lorg/eclipse/swt/widgets/Composite.computeSize(IIZ)Lorg/eclipse/swt/graphics/Point;",
      "Lorg/eclipse/swt/widgets/Composite.setFocus()Z",
      "Lorg/eclipse/swt/widgets/Control.setBackground(Lorg/eclipse/swt/graphics/Color;)V",
      "Lorg/eclipse/swt/widgets/Control.setFont(Lorg/eclipse/swt/graphics/Font;)V",
      "Lorg/eclipse/swt/widgets/Control.setForeground(Lorg/eclipse/swt/graphics/Color;)V"
    ]
  },
  {
    "frequency": 4,
    "overriddenMethods": [
      "Lorg/eclipse/swt/widgets/Composite.layout()V"
    ]
  },
  {
    "frequency": 1,
    "overriddenMethods": [
      "Lorg/eclipse/swt/widgets/Composite.computeSize(IIZ)Lorg/eclipse/swt/graphics/Point;",
      "Lorg/eclipse/swt/widgets/Control.computeSize(II)Lorg/eclipse/swt/graphics/Point;"
    ]
  },
  {
    "frequency": 2,
    "overriddenMethods": [
      "Lorg/eclipse/swt/widgets/Control.setLayoutData(Ljava/lang/Object;)V"
    ]
  },
  {
    "frequency": 1,
    "overriddenMethods": [
      "Lorg/eclipse/swt/widgets/Composite.computeSize(IIZ)Lorg/eclipse/swt/graphics/Point;",
      "Lorg/eclipse/swt/widgets/Composite.getClientArea()Lorg/eclipse/swt/graphics/Rectangle;"
    ]
  },
  {
    "frequency": 1,
    "overriddenMethods": [
      "Lorg/eclipse/swt/widgets/Composite.computeSize(IIZ)Lorg/eclipse/swt/graphics/Point;",
      "Lorg/eclipse/swt/widgets/Composite.getChildren()[Lorg/eclipse/swt/widgets/Control;",
      "Lorg/eclipse/swt/widgets/Composite.setFocus()Z",
      "Lorg/eclipse/swt/widgets/Composite.setLayout(Lorg/eclipse/swt/widgets/Layout;)V",
      "Lorg/eclipse/swt/widgets/Control.isFocusControl()Z",
      "Lorg/eclipse/swt/widgets/Control.redraw()V",
      "Lorg/eclipse/swt/widgets/Control.redraw(IIIIZ)V",
      "Lorg/eclipse/swt/widgets/Control.setBackground(Lorg/eclipse/swt/graphics/Color;)V",
      "Lorg/eclipse/swt/widgets/Control.setEnabled(Z)V",
      "Lorg/eclipse/swt/widgets/Control.setFont(Lorg/eclipse/swt/graphics/Font;)V",
      "Lorg/eclipse/swt/widgets/Control.setForeground(Lorg/eclipse/swt/graphics/Color;)V",
      "Lorg/eclipse/swt/widgets/Control.setToolTipText(Ljava/lang/String;)V"
    ]
  },
  {
    "frequency": 1,
    "overriddenMethods": [
      "Lorg/eclipse/swt/widgets/Composite.setFocus()Z",
      "Lorg/eclipse/swt/widgets/Control.addKeyListener(Lorg/eclipse/swt/events/KeyListener;)V",
      "Lorg/eclipse/swt/widgets/Control.setBackground(Lorg/eclipse/swt/graphics/Color;)V"
    ]
  },
  {
    "frequency": 4,
    "overriddenMethods": [
      "Lorg/eclipse/swt/widgets/Control.setFont(Lorg/eclipse/swt/graphics/Font;)V"
    ]
  },
  {
    "frequency": 1,
    "overriddenMethods": [
      "Lorg/eclipse/swt/widgets/Control.setBounds(IIII)V"
    ]
  },
  {
    "frequency": 2,
    "overriddenMethods": [
      "Lorg/eclipse/swt/widgets/Widget.checkWidget()V"
    ]
  },
  {
    "frequency": 1,
    "overriddenMethods": [
      "Lorg/eclipse/swt/widgets/Control.getFont()Lorg/eclipse/swt/graphics/Font;",
      "Lorg/eclipse/swt/widgets/Control.setFont(Lorg/eclipse/swt/graphics/Font;)V",
      "Lorg/eclipse/swt/widgets/Widget.dispose()V"
    ]
  },
  {
    "frequency": 1,
    "overriddenMethods": [
      "Lorg/eclipse/swt/widgets/Composite.computeSize(IIZ)Lorg/eclipse/swt/graphics/Point;",
      "Lorg/eclipse/swt/widgets/Composite.layout(Z)V",
      "Lorg/eclipse/swt/widgets/Composite.setLayout(Lorg/eclipse/swt/widgets/Layout;)V"
    ]
  },
  {
    "frequency": 1,
    "overriddenMethods": [
      "Lorg/eclipse/swt/widgets/Control.setEnabled(Z)V",
      "Lorg/eclipse/swt/widgets/Control.setToolTipText(Ljava/lang/String;)V",
      "Lorg/eclipse/swt/widgets/Widget.dispose()V"
    ]
  },
  {
    "frequency": 1,
    "overriddenMethods": [
      "Lorg/eclipse/swt/widgets/Composite.setFocus()Z",
      "Lorg/eclipse/swt/widgets/Control.setToolTipText(Ljava/lang/String;)V",
      "Lorg/eclipse/swt/widgets/Widget.dispose()V"
    ]
  },
  {
    "frequency": 1,
    "overriddenMethods": [
      "Lorg/eclipse/swt/widgets/Composite.checkSubclass()V",
      "Lorg/eclipse/swt/widgets/Composite.setFocus()Z",
      "Lorg/eclipse/swt/widgets/Widget.dispose()V"
    ]
  },
  {
    "frequency": 1,
    "overriddenMethods": [
      "Lorg/eclipse/swt/widgets/Composite.checkSubclass()V",
      "Lorg/eclipse/swt/widgets/Composite.setFocus()Z",
      "Lorg/eclipse/swt/widgets/Control.setEnabled(Z)V",
      "Lorg/eclipse/swt/widgets/Widget.dispose()V"
    ]
  },
  {
    "frequency": 2,
    "overriddenMethods": [
      "Lorg/eclipse/swt/widgets/Composite.setFocus()Z",
      "Lorg/eclipse/swt/widgets/Control.addFocusListener(Lorg/eclipse/swt/events/FocusListener;)V",
      "Lorg/eclipse/swt/widgets/Control.removeFocusListener(Lorg/eclipse/swt/events/FocusListener;)V",
      "Lorg/eclipse/swt/widgets/Control.setMenu(Lorg/eclipse/swt/widgets/Menu;)V"
    ]
  },
  {
    "frequency": 2,
    "overriddenMethods": [
      "Lorg/eclipse/swt/widgets/Composite.layout()V",
      "Lorg/eclipse/swt/widgets/Widget.dispose()V"
    ]
  },
  {
    "frequency": 2,
    "overriddenMethods": [
      "Lorg/eclipse/swt/widgets/Composite.computeSize(IIZ)Lorg/eclipse/swt/graphics/Point;",
      "Lorg/eclipse/swt/widgets/Control.isFocusControl()Z",
      "Lorg/eclipse/swt/widgets/Control.setEnabled(Z)V"
    ]
  },
  {
    "frequency": 1,
    "overriddenMethods": [
      "Lorg/eclipse/swt/widgets/Control.addFocusListener(Lorg/eclipse/swt/events/FocusListener;)V"
    ]
  },
  {
    "frequency": 10,
    "overriddenMethods": [
      "Lorg/eclipse/swt/widgets/Control.setVisible(Z)V"
    ]
  },
  {
    "frequency": 1,
    "overriddenMethods": [
      "Lorg/eclipse/swt/widgets/Control.getFont()Lorg/eclipse/swt/graphics/Font;",
      "Lorg/eclipse/swt/widgets/Control.setBackground(Lorg/eclipse/swt/graphics/Color;)V",
      "Lorg/eclipse/swt/widgets/Control.setEnabled(Z)V",
      "Lorg/eclipse/swt/widgets/Control.setFont(Lorg/eclipse/swt/graphics/Font;)V",
      "Lorg/eclipse/swt/widgets/Control.setForeground(Lorg/eclipse/swt/graphics/Color;)V"
    ]
  },
  {
    "frequency": 1,
    "overriddenMethods": [
      "Lorg/eclipse/swt/widgets/Control.addControlListener(Lorg/eclipse/swt/events/ControlListener;)V",
      "Lorg/eclipse/swt/widgets/Control.addFocusListener(Lorg/eclipse/swt/events/FocusListener;)V",
      "Lorg/eclipse/swt/widgets/Control.addHelpListener(Lorg/eclipse/swt/events/HelpListener;)V",
      "Lorg/eclipse/swt/widgets/Control.addKeyListener(Lorg/eclipse/swt/events/KeyListener;)V",
      "Lorg/eclipse/swt/widgets/Control.addMouseListener(Lorg/eclipse/swt/events/MouseListener;)V",
      "Lorg/eclipse/swt/widgets/Control.addMouseMoveListener(Lorg/eclipse/swt/events/MouseMoveListener;)V",
      "Lorg/eclipse/swt/widgets/Control.addMouseTrackListener(Lorg/eclipse/swt/events/MouseTrackListener;)V",
      "Lorg/eclipse/swt/widgets/Control.addPaintListener(Lorg/eclipse/swt/events/PaintListener;)V",
      "Lorg/eclipse/swt/widgets/Control.addTraverseListener(Lorg/eclipse/swt/events/TraverseListener;)V",
      "Lorg/eclipse/swt/widgets/Control.computeSize(II)Lorg/eclipse/swt/graphics/Point;",
      "Lorg/eclipse/swt/widgets/Control.removeControlListener(Lorg/eclipse/swt/events/ControlListener;)V",
      "Lorg/eclipse/swt/widgets/Control.removeFocusListener(Lorg/eclipse/swt/events/FocusListener;)V",
      "Lorg/eclipse/swt/widgets/Control.removeHelpListener(Lorg/eclipse/swt/events/HelpListener;)V",
      "Lorg/eclipse/swt/widgets/Control.removeKeyListener(Lorg/eclipse/swt/events/KeyListener;)V",
      "Lorg/eclipse/swt/widgets/Control.removeMouseListener(Lorg/eclipse/swt/events/MouseListener;)V",
      "Lorg/eclipse/swt/widgets/Control.removeMouseMoveListener(Lorg/eclipse/swt/events/MouseMoveListener;)V",
      "Lorg/eclipse/swt/widgets/Control.removeMouseTrackListener(Lorg/eclipse/swt/events/MouseTrackListener;)V",
      "Lorg/eclipse/swt/widgets/Control.removePaintListener(Lorg/eclipse/swt/events/PaintListener;)V",
      "Lorg/eclipse/swt/widgets/Control.removeTraverseListener(Lorg/eclipse/swt/events/TraverseListener;)V",
      "Lorg/eclipse/swt/widgets/Control.setBackground(Lorg/eclipse/swt/graphics/Color;)V",
      "Lorg/eclipse/swt/widgets/Control.setForeground(Lorg/eclipse/swt/graphics/Color;)V",
      "Lorg/eclipse/swt/widgets/Widget.toString()Ljava/lang/String;"
    ]
  },
  {
    "frequency": 2,
    "overriddenMethods": [
      "Lorg/eclipse/swt/widgets/Control.setEnabled(Z)V",
      "Lorg/eclipse/swt/widgets/Widget.addListener(ILorg/eclipse/swt/widgets/Listener;)V"
    ]
  },
  {
    "frequency": 1,
    "overriddenMethods": [
      "Lorg/eclipse/swt/widgets/Control.addKeyListener(Lorg/eclipse/swt/events/KeyListener;)V",
      "Lorg/eclipse/swt/widgets/Control.addMouseListener(Lorg/eclipse/swt/events/MouseListener;)V",
      "Lorg/eclipse/swt/widgets/Control.isFocusControl()Z",
      "Lorg/eclipse/swt/widgets/Control.setFont(Lorg/eclipse/swt/graphics/Font;)V"
    ]
  },
  {
    "frequency": 1,
    "overriddenMethods": [
      "Lorg/eclipse/swt/widgets/Composite.setFocus()Z",
      "Lorg/eclipse/swt/widgets/Control.addHelpListener(Lorg/eclipse/swt/events/HelpListener;)V",
      "Lorg/eclipse/swt/widgets/Control.addKeyListener(Lorg/eclipse/swt/events/KeyListener;)V",
      "Lorg/eclipse/swt/widgets/Control.addMouseListener(Lorg/eclipse/swt/events/MouseListener;)V",
      "Lorg/eclipse/swt/widgets/Control.addMouseMoveListener(Lorg/eclipse/swt/events/MouseMoveListener;)V",
      "Lorg/eclipse/swt/widgets/Control.addMouseTrackListener(Lorg/eclipse/swt/events/MouseTrackListener;)V",
      "Lorg/eclipse/swt/widgets/Control.addTraverseListener(Lorg/eclipse/swt/events/TraverseListener;)V",
      "Lorg/eclipse/swt/widgets/Control.forceFocus()Z",
      "Lorg/eclipse/swt/widgets/Control.isFocusControl()Z",
      "Lorg/eclipse/swt/widgets/Control.removeFocusListener(Lorg/eclipse/swt/events/FocusListener;)V",
      "Lorg/eclipse/swt/widgets/Control.removeHelpListener(Lorg/eclipse/swt/events/HelpListener;)V",
      "Lorg/eclipse/swt/widgets/Control.removeKeyListener(Lorg/eclipse/swt/events/KeyListener;)V",
      "Lorg/eclipse/swt/widgets/Control.removeMouseListener(Lorg/eclipse/swt/events/MouseListener;)V",
      "Lorg/eclipse/swt/widgets/Control.removeMouseMoveListener(Lorg/eclipse/swt/events/MouseMoveListener;)V",
      "Lorg/eclipse/swt/widgets/Control.removeMouseTrackListener(Lorg/eclipse/swt/events/MouseTrackListener;)V",
      "Lorg/eclipse/swt/widgets/Control.removeTraverseListener(Lorg/eclipse/swt/events/TraverseListener;)V"
    ]
  },
  {
    "frequency": 1,
    "overriddenMethods": [
      "Lorg/eclipse/swt/widgets/Control.getToolTipText()Ljava/lang/String;",
      "Lorg/eclipse/swt/widgets/Control.pack()V",
      "Lorg/eclipse/swt/widgets/Control.redraw()V",
      "Lorg/eclipse/swt/widgets/Control.setEnabled(Z)V",
      "Lorg/eclipse/swt/widgets/Control.setSize(II)V",
      "Lorg/eclipse/swt/widgets/Control.setToolTipText(Ljava/lang/String;)V",
      "Lorg/eclipse/swt/widgets/Control.update()V",
      "Lorg/eclipse/swt/widgets/Widget.addListener(ILorg/eclipse/swt/widgets/Listener;)V",
      "Lorg/eclipse/swt/widgets/Widget.dispose()V"
    ]
  },
  {
    "frequency": 1,
    "overriddenMethods": [
      "Lorg/eclipse/swt/widgets/Composite.getClientArea()Lorg/eclipse/swt/graphics/Rectangle;",
      "Lorg/eclipse/swt/widgets/Scrollable.computeTrim(IIII)Lorg/eclipse/swt/graphics/Rectangle;"
    ]
  },
  {
    "frequency": 3,
    "overriddenMethods": [
      "Lorg/eclipse/swt/widgets/Composite.setLayout(Lorg/eclipse/swt/widgets/Layout;)V"
    ]
  },
  {
    "frequency": 1,
    "overriddenMethods": [
      "Lorg/eclipse/swt/widgets/Control.setVisible(Z)V",
      "Lorg/eclipse/swt/widgets/Widget.dispose()V",
      "Lorg/eclipse/swt/widgets/Widget.setData(Ljava/lang/Object;)V"
    ]
  },
  {
    "frequency": 1,
    "overriddenMethods": [
      "Lorg/eclipse/swt/widgets/Control.addFocusListener(Lorg/eclipse/swt/events/FocusListener;)V",
      "Lorg/eclipse/swt/widgets/Control.removeFocusListener(Lorg/eclipse/swt/events/FocusListener;)V",
      "Lorg/eclipse/swt/widgets/Control.setEnabled(Z)V"
    ]
  },
  {
    "frequency": 1,
    "overriddenMethods": [
      "Lorg/eclipse/swt/widgets/Control.addFocusListener(Lorg/eclipse/swt/events/FocusListener;)V",
      "Lorg/eclipse/swt/widgets/Control.removeFocusListener(Lorg/eclipse/swt/events/FocusListener;)V"
    ]
  },
  {
    "frequency": 2,
    "overriddenMethods": [
      "Lorg/eclipse/swt/widgets/Composite.setFocus()Z",
      "Lorg/eclipse/swt/widgets/Control.addFocusListener(Lorg/eclipse/swt/events/FocusListener;)V",
      "Lorg/eclipse/swt/widgets/Control.addHelpListener(Lorg/eclipse/swt/events/HelpListener;)V",
      "Lorg/eclipse/swt/widgets/Control.addKeyListener(Lorg/eclipse/swt/events/KeyListener;)V",
      "Lorg/eclipse/swt/widgets/Control.addMouseListener(Lorg/eclipse/swt/events/MouseListener;)V",
      "Lorg/eclipse/swt/widgets/Control.addMouseMoveListener(Lorg/eclipse/swt/events/MouseMoveListener;)V",
      "Lorg/eclipse/swt/widgets/Control.addMouseTrackListener(Lorg/eclipse/swt/events/MouseTrackListener;)V",
      "Lorg/eclipse/swt/widgets/Control.addTraverseListener(Lorg/eclipse/swt/events/TraverseListener;)V",
      "Lorg/eclipse/swt/widgets/Control.forceFocus()Z",
      "Lorg/eclipse/swt/widgets/Control.isFocusControl()Z",
      "Lorg/eclipse/swt/widgets/Control.removeFocusListener(Lorg/eclipse/swt/events/FocusListener;)V",
      "Lorg/eclipse/swt/widgets/Control.removeHelpListener(Lorg/eclipse/swt/events/HelpListener;)V",
      "Lorg/eclipse/swt/widgets/Control.removeKeyListener(Lorg/eclipse/swt/events/KeyListener;)V",
      "Lorg/eclipse/swt/widgets/Control.removeMouseListener(Lorg/eclipse/swt/events/MouseListener;)V",
      "Lorg/eclipse/swt/widgets/Control.removeMouseMoveListener(Lorg/eclipse/swt/events/MouseMoveListener;)V",
      "Lorg/eclipse/swt/widgets/Control.removeMouseTrackListener(Lorg/eclipse/swt/events/MouseTrackListener;)V",
      "Lorg/eclipse/swt/widgets/Control.removeTraverseListener(Lorg/eclipse/swt/events/TraverseListener;)V"
    ]
  },
  {
    "frequency": 98,
    "overriddenMethods": [
      "Lorg/eclipse/swt/widgets/Widget.dispose()V"
    ]
  },
  {
    "frequency": 4,
    "overriddenMethods": [
      "Lorg/eclipse/swt/widgets/Composite.setFocus()Z",
      "Lorg/eclipse/swt/widgets/Control.setEnabled(Z)V",
      "Lorg/eclipse/swt/widgets/Control.setToolTipText(Ljava/lang/String;)V"
    ]
  },
  {
    "frequency": 1,
    "overriddenMethods": [
      "Lorg/eclipse/swt/widgets/Control.addFocusListener(Lorg/eclipse/swt/events/FocusListener;)V",
      "Lorg/eclipse/swt/widgets/Control.getEnabled()Z",
      "Lorg/eclipse/swt/widgets/Control.removeFocusListener(Lorg/eclipse/swt/events/FocusListener;)V",
      "Lorg/eclipse/swt/widgets/Control.setEnabled(Z)V",
      "Lorg/eclipse/swt/widgets/Widget.dispose()V"
    ]
  },
  {
    "frequency": 1,
    "overriddenMethods": [
      "Lorg/eclipse/swt/widgets/Composite.setFocus()Z",
      "Lorg/eclipse/swt/widgets/Control.addFocusListener(Lorg/eclipse/swt/events/FocusListener;)V",
      "Lorg/eclipse/swt/widgets/Control.getEnabled()Z",
      "Lorg/eclipse/swt/widgets/Control.getMenu()Lorg/eclipse/swt/widgets/Menu;",
      "Lorg/eclipse/swt/widgets/Control.getToolTipText()Ljava/lang/String;",
      "Lorg/eclipse/swt/widgets/Control.removeFocusListener(Lorg/eclipse/swt/events/FocusListener;)V",
      "Lorg/eclipse/swt/widgets/Control.setEnabled(Z)V",
      "Lorg/eclipse/swt/widgets/Control.setMenu(Lorg/eclipse/swt/widgets/Menu;)V",
      "Lorg/eclipse/swt/widgets/Control.setToolTipText(Ljava/lang/String;)V"
    ]
  },
  {
    "frequency": 3,
    "overriddenMethods": [
      "Lorg/eclipse/swt/widgets/Composite.setFocus()Z",
      "Lorg/eclipse/swt/widgets/Control.setVisible(Z)V",
      "Lorg/eclipse/swt/widgets/Widget.dispose()V"
    ]
  },
  {
    "frequency": 2,
    "overriddenMethods": [
      "Lorg/eclipse/swt/widgets/Composite.setFocus()Z",
      "Lorg/eclipse/swt/widgets/Control.setEnabled(Z)V",
      "Lorg/eclipse/swt/widgets/Control.setFont(Lorg/eclipse/swt/graphics/Font;)V"
    ]
  },
  {
    "frequency": 1,
    "overriddenMethods": [
      "Lorg/eclipse/swt/widgets/Control.setVisible(Z)V",
      "Lorg/eclipse/swt/widgets/Widget.dispose()V",
      "Lorg/eclipse/swt/widgets/Widget.toString()Ljava/lang/String;"
    ]
  },
  {
    "frequency": 2,
    "overriddenMethods": [
      "Lorg/eclipse/swt/widgets/Control.getAccessible()Lorg/eclipse/swt/accessibility/Accessible;"
    ]
  },
  {
    "frequency": 2,
    "overriddenMethods": [
      "Lorg/eclipse/swt/widgets/Widget.toString()Ljava/lang/String;"
    ]
  },
  {
    "frequency": 1,
    "overriddenMethods": [
      "Lorg/eclipse/swt/widgets/Control.setBackground(Lorg/eclipse/swt/graphics/Color;)V",
      "Lorg/eclipse/swt/widgets/Control.setEnabled(Z)V",
      "Lorg/eclipse/swt/widgets/Control.setForeground(Lorg/eclipse/swt/graphics/Color;)V"
    ]
  }
]