[
  {
    "frequency": 1,
    "overriddenMethods": []
  },
  {
    "frequency": 1,
    "overriddenMethods": [
      "Lorg/eclipse/swt/widgets/Item.getImage()Lorg/eclipse/swt/graphics/Image;",
      "Lorg/eclipse/swt/widgets/Item.getText()Ljava/lang/String;",
      "Lorg/eclipse/swt/widgets/Item.setImage(Lorg/eclipse/swt/graphics/Image;)V",
      "Lorg/eclipse/swt/widgets/Item.setText(Ljava/lang/String;)V",
      "Lorg/eclipse/swt/widgets/Widget.dispose()V",
      "Lorg/eclipse/swt/widgets/Widget.toString()Ljava/lang/String;"
    ]
  },
  {
    "frequency": 1,
    "overriddenMethods": [
      "Lorg/eclipse/swt/widgets/Item.setText(Ljava/lang/String;)V"
    ]
  },
  {
    "frequency": 1,
    "overriddenMethods": [
      "Lorg/eclipse/swt/widgets/Item.getImage()Lorg/eclipse/swt/graphics/Image;",
      "Lorg/eclipse/swt/widgets/Item.getText()Ljava/lang/String;",
      "Lorg/eclipse/swt/widgets/Item.setImage(Lorg/eclipse/swt/graphics/Image;)V",
      "Lorg/eclipse/swt/widgets/Item.setText(Ljava/lang/String;)V",
      "Lorg/eclipse/swt/widgets/Widget.dispose()V"
    ]
  },
  {
    "frequency": 2,
    "overriddenMethods": [
      "Lorg/eclipse/swt/widgets/Item.getText()Ljava/lang/String;",
      "Lorg/eclipse/swt/widgets/Item.setImage(Lorg/eclipse/swt/graphics/Image;)V",
      "Lorg/eclipse/swt/widgets/Item.setText(Ljava/lang/String;)V",
      "Lorg/eclipse/swt/widgets/Widget.dispose()V"
    ]
  },
  {
    "frequency": 10,
    "overriddenMethods": [
      "Lorg/eclipse/swt/widgets/Item.setImage(Lorg/eclipse/swt/graphics/Image;)V",
      "Lorg/eclipse/swt/widgets/Item.setText(Ljava/lang/String;)V",
      "Lorg/eclipse/swt/widgets/Widget.dispose()V"
    ]
  },
  {
    "frequency": 1,
    "overriddenMethods": [
      "Lorg/eclipse/swt/widgets/Item.setImage(Lorg/eclipse/swt/graphics/Image;)V",
      "Lorg/eclipse/swt/widgets/Item.setText(Ljava/lang/String;)V",
      "Lorg/eclipse/swt/widgets/Widget.dispose()V",
      "Lorg/eclipse/swt/widgets/Widget.getStyle()I"
    ]
  },
  {
    "frequency": 1,
    "overriddenMethods": [
      "Lorg/eclipse/swt/widgets/Item.setImage(Lorg/eclipse/swt/graphics/Image;)V",
      "Lorg/eclipse/swt/widgets/Item.setText(Ljava/lang/String;)V"
    ]
  },
  {
    "frequency": 2,
    "overriddenMethods": [
      "Lorg/eclipse/swt/widgets/Widget.dispose()V"
    ]
  }
]