[
  {
    "frequency": 1,
    "overriddenMethods": [
      "Lorg/eclipse/swt/widgets/Label.computeSize(IIZ)Lorg/eclipse/swt/graphics/Point;",
      "Lorg/eclipse/swt/widgets/Widget.checkSubclass()V"
    ]
  },
  {
    "frequency": 1,
    "overriddenMethods": [
      "Lorg/eclipse/swt/widgets/Widget.checkSubclass()V"
    ]
  },
  {
    "frequency": 1,
    "overriddenMethods": [
      "Lorg/eclipse/swt/widgets/Label.computeSize(IIZ)Lorg/eclipse/swt/graphics/Point;",
      "Lorg/eclipse/swt/widgets/Label.getText()Ljava/lang/String;",
      "Lorg/eclipse/swt/widgets/Label.setText(Ljava/lang/String;)V",
      "Lorg/eclipse/swt/widgets/Widget.checkSubclass()V"
    ]
  },
  {
    "frequency": 1,
    "overriddenMethods": [
      "Lorg/eclipse/swt/widgets/Widget.checkSubclass()V",
      "Lorg/eclipse/swt/widgets/Widget.dispose()V"
    ]
  },
  {
    "frequency": 1,
    "overriddenMethods": [
      "Lorg/eclipse/swt/widgets/Control.setFont(Lorg/eclipse/swt/graphics/Font;)V",
      "Lorg/eclipse/swt/widgets/Widget.checkSubclass()V",
      "Lorg/eclipse/swt/widgets/Widget.dispose()V"
    ]
  }
]