[
  {
    "frequency": 1,
    "overriddenMethods": []
  },
  {
    "frequency": 8,
    "overriddenMethods": [
      "Lorg/eclipse/swt/widgets/Layout.computeSize(Lorg/eclipse/swt/widgets/Composite;IIZ)Lorg/eclipse/swt/graphics/Point;",
      "Lorg/eclipse/swt/widgets/Layout.flushCache(Lorg/eclipse/swt/widgets/Control;)Z",
      "Lorg/eclipse/swt/widgets/Layout.layout(Lorg/eclipse/swt/widgets/Composite;Z)V"
    ]
  },
  {
    "frequency": 3,
    "overriddenMethods": [
      "Ljava/lang/Object.toString()Ljava/lang/String;",
      "Lorg/eclipse/swt/widgets/Layout.computeSize(Lorg/eclipse/swt/widgets/Composite;IIZ)Lorg/eclipse/swt/graphics/Point;",
      "Lorg/eclipse/swt/widgets/Layout.layout(Lorg/eclipse/swt/widgets/Composite;Z)V"
    ]
  },
  {
    "frequency": 5,
    "overriddenMethods": [
      "Ljava/lang/Object.toString()Ljava/lang/String;",
      "Lorg/eclipse/swt/widgets/Layout.computeSize(Lorg/eclipse/swt/widgets/Composite;IIZ)Lorg/eclipse/swt/graphics/Point;",
      "Lorg/eclipse/swt/widgets/Layout.flushCache(Lorg/eclipse/swt/widgets/Control;)Z",
      "Lorg/eclipse/swt/widgets/Layout.layout(Lorg/eclipse/swt/widgets/Composite;Z)V"
    ]
  },
  {
    "frequency": 184,
    "overriddenMethods": [
      "Lorg/eclipse/swt/widgets/Layout.computeSize(Lorg/eclipse/swt/widgets/Composite;IIZ)Lorg/eclipse/swt/graphics/Point;",
      "Lorg/eclipse/swt/widgets/Layout.layout(Lorg/eclipse/swt/widgets/Composite;Z)V"
    ]
  }
]