[
  {
    "frequency": 3,
    "overriddenMethods": [
      "Lorg/eclipse/swt/widgets/Control.setFocus()Z",
      "Lorg/eclipse/swt/widgets/Widget.checkSubclass()V"
    ]
  },
  {
    "frequency": 2,
    "overriddenMethods": [
      "Lorg/eclipse/swt/widgets/Widget.checkSubclass()V",
      "Lorg/eclipse/swt/widgets/Widget.checkWidget()V"
    ]
  },
  {
    "frequency": 1,
    "overriddenMethods": [
      "Lorg/eclipse/swt/widgets/Text.paste()V",
      "Lorg/eclipse/swt/widgets/Text.setText(Ljava/lang/String;)V",
      "Lorg/eclipse/swt/widgets/Text.setTextLimit(I)V",
      "Lorg/eclipse/swt/widgets/Widget.checkSubclass()V"
    ]
  },
  {
    "frequency": 1,
    "overriddenMethods": [
      "Lorg/eclipse/swt/widgets/Control.setEnabled(Z)V",
      "Lorg/eclipse/swt/widgets/Widget.checkSubclass()V"
    ]
  }
]