[
  {
    "frequency": 1,
    "overriddenMethods": []
  },
  {
    "frequency": 1,
    "overriddenMethods": [
      "Lorg/eclipse/swt/widgets/Tree.checkSubclass()V",
      "Lorg/eclipse/swt/widgets/Tree.computeSize(IIZ)Lorg/eclipse/swt/graphics/Point;"
    ]
  },
  {
    "frequency": 1,
    "overriddenMethods": [
      "Lorg/eclipse/swt/widgets/Tree.checkSubclass()V",
      "Lorg/eclipse/swt/widgets/Widget.dispose()V"
    ]
  },
  {
    "frequency": 4,
    "overriddenMethods": [
      "Lorg/eclipse/swt/widgets/Tree.checkSubclass()V"
    ]
  },
  {
    "frequency": 2,
    "overriddenMethods": [
      "Lorg/eclipse/swt/widgets/Control.setEnabled(Z)V",
      "Lorg/eclipse/swt/widgets/Tree.checkSubclass()V"
    ]
  }
]