[
  {
    "frequency": 1,
    "overriddenMethods": [
      "Lorg/eclipse/swt/internal/mozilla/XPCOMObject.method0([I)I",
      "Lorg/eclipse/swt/internal/mozilla/XPCOMObject.method1([I)I",
      "Lorg/eclipse/swt/internal/mozilla/XPCOMObject.method2([I)I"
    ]
  },
  {
    "frequency": 2,
    "overriddenMethods": []
  },
  {
    "frequency": 1,
    "overriddenMethods": [
      "Lorg/eclipse/swt/internal/mozilla/XPCOMObject.method0([I)I",
      "Lorg/eclipse/swt/internal/mozilla/XPCOMObject.method1([I)I",
      "Lorg/eclipse/swt/internal/mozilla/XPCOMObject.method2([I)I",
      "Lorg/eclipse/swt/internal/mozilla/XPCOMObject.method3([I)I",
      "Lorg/eclipse/swt/internal/mozilla/XPCOMObject.method4([I)I"
    ]
  },
  {
    "frequency": 2,
    "overriddenMethods": [
      "Lorg/eclipse/swt/internal/mozilla/XPCOMObject.method0([I)I",
      "Lorg/eclipse/swt/internal/mozilla/XPCOMObject.method1([I)I",
      "Lorg/eclipse/swt/internal/mozilla/XPCOMObject.method2([I)I",
      "Lorg/eclipse/swt/internal/mozilla/XPCOMObject.method3([I)I",
      "Lorg/eclipse/swt/internal/mozilla/XPCOMObject.method4([I)I",
      "Lorg/eclipse/swt/internal/mozilla/XPCOMObject.method5([I)I",
      "Lorg/eclipse/swt/internal/mozilla/XPCOMObject.method6([I)I",
      "Lorg/eclipse/swt/internal/mozilla/XPCOMObject.method7([I)I"
    ]
  }
]