[
  {
    "frequency": 9,
    "overriddenMethods": [
      "Lorg/eclipse/swt/events/ControlAdapter.controlMoved(Lorg/eclipse/swt/events/ControlEvent;)V"
    ]
  },
  {
    "frequency": 12,
    "overriddenMethods": [
      "Lorg/eclipse/swt/events/ControlAdapter.controlMoved(Lorg/eclipse/swt/events/ControlEvent;)V",
      "Lorg/eclipse/swt/events/ControlAdapter.controlResized(Lorg/eclipse/swt/events/ControlEvent;)V"
    ]
  },
  {
    "frequency": 471,
    "overriddenMethods": [
      "Lorg/eclipse/swt/events/ControlAdapter.controlResized(Lorg/eclipse/swt/events/ControlEvent;)V"
    ]
  }
]