[
  {
    "frequency": 2,
    "overriddenMethods": []
  },
  {
    "frequency": 101,
    "overriddenMethods": [
      "Lorg/eclipse/swt/events/FocusAdapter.focusGained(Lorg/eclipse/swt/events/FocusEvent;)V"
    ]
  },
  {
    "frequency": 307,
    "overriddenMethods": [
      "Lorg/eclipse/swt/events/FocusAdapter.focusLost(Lorg/eclipse/swt/events/FocusEvent;)V"
    ]
  },
  {
    "frequency": 221,
    "overriddenMethods": [
      "Lorg/eclipse/swt/events/FocusAdapter.focusGained(Lorg/eclipse/swt/events/FocusEvent;)V",
      "Lorg/eclipse/swt/events/FocusAdapter.focusLost(Lorg/eclipse/swt/events/FocusEvent;)V"
    ]
  }
]