[
  {
    "frequency": 19,
    "overriddenMethods": []
  },
  {
    "frequency": 32,
    "overriddenMethods": [
      "Lorg/eclipse/swt/events/KeyAdapter.keyPressed(Lorg/eclipse/swt/events/KeyEvent;)V",
      "Lorg/eclipse/swt/events/KeyAdapter.keyReleased(Lorg/eclipse/swt/events/KeyEvent;)V"
    ]
  },
  {
    "frequency": 686,
    "overriddenMethods": [
      "Lorg/eclipse/swt/events/KeyAdapter.keyPressed(Lorg/eclipse/swt/events/KeyEvent;)V"
    ]
  },
  {
    "frequency": 211,
    "overriddenMethods": [
      "Lorg/eclipse/swt/events/KeyAdapter.keyReleased(Lorg/eclipse/swt/events/KeyEvent;)V"
    ]
  }
]