[
  {
    "frequency": 2,
    "overriddenMethods": [
      "Lorg/eclipse/swt/events/MenuAdapter.menuHidden(Lorg/eclipse/swt/events/MenuEvent;)V",
      "Lorg/eclipse/swt/events/MenuAdapter.menuShown(Lorg/eclipse/swt/events/MenuEvent;)V"
    ]
  },
  {
    "frequency": 1,
    "overriddenMethods": []
  },
  {
    "frequency": 20,
    "overriddenMethods": [
      "Lorg/eclipse/swt/events/MenuAdapter.menuHidden(Lorg/eclipse/swt/events/MenuEvent;)V"
    ]
  },
  {
    "frequency": 88,
    "overriddenMethods": [
      "Lorg/eclipse/swt/events/MenuAdapter.menuShown(Lorg/eclipse/swt/events/MenuEvent;)V"
    ]
  }
]