[
  {
    "frequency": 35,
    "overriddenMethods": [
      "Lorg/eclipse/swt/events/MouseTrackAdapter.mouseExit(Lorg/eclipse/swt/events/MouseEvent;)V"
    ]
  },
  {
    "frequency": 20,
    "overriddenMethods": [
      "Lorg/eclipse/swt/events/MouseTrackAdapter.mouseExit(Lorg/eclipse/swt/events/MouseEvent;)V",
      "Lorg/eclipse/swt/events/MouseTrackAdapter.mouseHover(Lorg/eclipse/swt/events/MouseEvent;)V"
    ]
  },
  {
    "frequency": 22,
    "overriddenMethods": [
      "Lorg/eclipse/swt/events/MouseTrackAdapter.mouseHover(Lorg/eclipse/swt/events/MouseEvent;)V"
    ]
  },
  {
    "frequency": 36,
    "overriddenMethods": [
      "Lorg/eclipse/swt/events/MouseTrackAdapter.mouseEnter(Lorg/eclipse/swt/events/MouseEvent;)V",
      "Lorg/eclipse/swt/events/MouseTrackAdapter.mouseExit(Lorg/eclipse/swt/events/MouseEvent;)V"
    ]
  },
  {
    "frequency": 2,
    "overriddenMethods": [
      "Lorg/eclipse/swt/events/MouseTrackAdapter.mouseEnter(Lorg/eclipse/swt/events/MouseEvent;)V",
      "Lorg/eclipse/swt/events/MouseTrackAdapter.mouseExit(Lorg/eclipse/swt/events/MouseEvent;)V",
      "Lorg/eclipse/swt/events/MouseTrackAdapter.mouseHover(Lorg/eclipse/swt/events/MouseEvent;)V"
    ]
  },
  {
    "frequency": 12,
    "overriddenMethods": [
      "Lorg/eclipse/swt/events/MouseTrackAdapter.mouseEnter(Lorg/eclipse/swt/events/MouseEvent;)V"
    ]
  }
]