[
  {
    "frequency": 18,
    "overriddenMethods": []
  },
  {
    "frequency": 13,
    "overriddenMethods": [
      "Lorg/eclipse/swt/events/MouseAdapter.mouseDoubleClick(Lorg/eclipse/swt/events/MouseEvent;)V",
      "Lorg/eclipse/swt/events/MouseAdapter.mouseUp(Lorg/eclipse/swt/events/MouseEvent;)V"
    ]
  },
  {
    "frequency": 206,
    "overriddenMethods": [
      "Lorg/eclipse/swt/events/MouseAdapter.mouseUp(Lorg/eclipse/swt/events/MouseEvent;)V"
    ]
  },
  {
    "frequency": 63,
    "overriddenMethods": [
      "Lorg/eclipse/swt/events/MouseAdapter.mouseDown(Lorg/eclipse/swt/events/MouseEvent;)V",
      "Lorg/eclipse/swt/events/MouseAdapter.mouseUp(Lorg/eclipse/swt/events/MouseEvent;)V"
    ]
  },
  {
    "frequency": 263,
    "overriddenMethods": [
      "Lorg/eclipse/swt/events/MouseAdapter.mouseDown(Lorg/eclipse/swt/events/MouseEvent;)V"
    ]
  },
  {
    "frequency": 196,
    "overriddenMethods": [
      "Lorg/eclipse/swt/events/MouseAdapter.mouseDoubleClick(Lorg/eclipse/swt/events/MouseEvent;)V"
    ]
  },
  {
    "frequency": 20,
    "overriddenMethods": [
      "Lorg/eclipse/swt/events/MouseAdapter.mouseDoubleClick(Lorg/eclipse/swt/events/MouseEvent;)V",
      "Lorg/eclipse/swt/events/MouseAdapter.mouseDown(Lorg/eclipse/swt/events/MouseEvent;)V"
    ]
  },
  {
    "frequency": 24,
    "overriddenMethods": [
      "Lorg/eclipse/swt/events/MouseAdapter.mouseDoubleClick(Lorg/eclipse/swt/events/MouseEvent;)V",
      "Lorg/eclipse/swt/events/MouseAdapter.mouseDown(Lorg/eclipse/swt/events/MouseEvent;)V",
      "Lorg/eclipse/swt/events/MouseAdapter.mouseUp(Lorg/eclipse/swt/events/MouseEvent;)V"
    ]
  }
]