[
  {
    "frequency": 121,
    "overriddenMethods": []
  },
  {
    "frequency": 112,
    "overriddenMethods": [
      "Lorg/eclipse/swt/events/SelectionAdapter.widgetDefaultSelected(Lorg/eclipse/swt/events/SelectionEvent;)V"
    ]
  },
  {
    "frequency": 12308,
    "overriddenMethods": [
      "Lorg/eclipse/swt/events/SelectionAdapter.widgetSelected(Lorg/eclipse/swt/events/SelectionEvent;)V"
    ]
  },
  {
    "frequency": 10,
    "overriddenMethods": [
      "Ljava/lang/Object.toString()Ljava/lang/String;",
      "Lorg/eclipse/swt/events/SelectionAdapter.widgetSelected(Lorg/eclipse/swt/events/SelectionEvent;)V"
    ]
  },
  {
    "frequency": 1,
    "overriddenMethods": [
      "Ljava/lang/Object.toString()Ljava/lang/String;",
      "Lorg/eclipse/swt/events/SelectionAdapter.widgetDefaultSelected(Lorg/eclipse/swt/events/SelectionEvent;)V",
      "Lorg/eclipse/swt/events/SelectionAdapter.widgetSelected(Lorg/eclipse/swt/events/SelectionEvent;)V"
    ]
  },
  {
    "frequency": 130,
    "overriddenMethods": [
      "Lorg/eclipse/swt/events/SelectionAdapter.widgetDefaultSelected(Lorg/eclipse/swt/events/SelectionEvent;)V",
      "Lorg/eclipse/swt/events/SelectionAdapter.widgetSelected(Lorg/eclipse/swt/events/SelectionEvent;)V"
    ]
  }
]