[
  {
    "frequency": 2,
    "overriddenMethods": []
  },
  {
    "frequency": 2,
    "overriddenMethods": [
      "Lorg/eclipse/swt/events/ShellAdapter.shellActivated(Lorg/eclipse/swt/events/ShellEvent;)V",
      "Lorg/eclipse/swt/events/ShellAdapter.shellClosed(Lorg/eclipse/swt/events/ShellEvent;)V",
      "Lorg/eclipse/swt/events/ShellAdapter.shellDeactivated(Lorg/eclipse/swt/events/ShellEvent;)V"
    ]
  },
  {
    "frequency": 26,
    "overriddenMethods": [
      "Lorg/eclipse/swt/events/ShellAdapter.shellActivated(Lorg/eclipse/swt/events/ShellEvent;)V"
    ]
  },
  {
    "frequency": 43,
    "overriddenMethods": [
      "Lorg/eclipse/swt/events/ShellAdapter.shellClosed(Lorg/eclipse/swt/events/ShellEvent;)V"
    ]
  },
  {
    "frequency": 4,
    "overriddenMethods": [
      "Lorg/eclipse/swt/events/ShellAdapter.shellActivated(Lorg/eclipse/swt/events/ShellEvent;)V",
      "Lorg/eclipse/swt/events/ShellAdapter.shellClosed(Lorg/eclipse/swt/events/ShellEvent;)V"
    ]
  },
  {
    "frequency": 17,
    "overriddenMethods": [
      "Lorg/eclipse/swt/events/ShellAdapter.shellDeactivated(Lorg/eclipse/swt/events/ShellEvent;)V"
    ]
  },
  {
    "frequency": 2,
    "overriddenMethods": [
      "Lorg/eclipse/swt/events/ShellAdapter.shellDeactivated(Lorg/eclipse/swt/events/ShellEvent;)V",
      "Lorg/eclipse/swt/events/ShellAdapter.shellIconified(Lorg/eclipse/swt/events/ShellEvent;)V"
    ]
  },
  {
    "frequency": 2,
    "overriddenMethods": [
      "Lorg/eclipse/swt/events/ShellAdapter.shellClosed(Lorg/eclipse/swt/events/ShellEvent;)V",
      "Lorg/eclipse/swt/events/ShellAdapter.shellDeactivated(Lorg/eclipse/swt/events/ShellEvent;)V",
      "Lorg/eclipse/swt/events/ShellAdapter.shellIconified(Lorg/eclipse/swt/events/ShellEvent;)V"
    ]
  },
  {
    "frequency": 3,
    "overriddenMethods": [
      "Lorg/eclipse/swt/events/ShellAdapter.shellClosed(Lorg/eclipse/swt/events/ShellEvent;)V",
      "Lorg/eclipse/swt/events/ShellAdapter.shellDeactivated(Lorg/eclipse/swt/events/ShellEvent;)V"
    ]
  },
  {
    "frequency": 15,
    "overriddenMethods": [
      "Lorg/eclipse/swt/events/ShellAdapter.shellActivated(Lorg/eclipse/swt/events/ShellEvent;)V",
      "Lorg/eclipse/swt/events/ShellAdapter.shellDeactivated(Lorg/eclipse/swt/events/ShellEvent;)V"
    ]
  }
]