[
  {
    "frequency": 7,
    "overriddenMethods": []
  },
  {
    "frequency": 11,
    "overriddenMethods": [
      "Lorg/eclipse/swt/custom/CLabel.computeSize(IIZ)Lorg/eclipse/swt/graphics/Point;"
    ]
  },
  {
    "frequency": 2,
    "overriddenMethods": [
      "Lorg/eclipse/swt/custom/CLabel.shortenText(Lorg/eclipse/swt/graphics/GC;Ljava/lang/String;I)Ljava/lang/String;"
    ]
  },
  {
    "frequency": 1,
    "overriddenMethods": [
      "Lorg/eclipse/swt/custom/CLabel.setImage(Lorg/eclipse/swt/graphics/Image;)V",
      "Lorg/eclipse/swt/custom/CLabel.setText(Ljava/lang/String;)V",
      "Lorg/eclipse/swt/custom/CLabel.setToolTipText(Ljava/lang/String;)V",
      "Lorg/eclipse/swt/widgets/Control.setBounds(Lorg/eclipse/swt/graphics/Rectangle;)V"
    ]
  },
  {
    "frequency": 2,
    "overriddenMethods": [
      "Lorg/eclipse/swt/custom/CLabel.getStyle()I"
    ]
  },
  {
    "frequency": 2,
    "overriddenMethods": [
      "Lorg/eclipse/swt/custom/CLabel.computeSize(IIZ)Lorg/eclipse/swt/graphics/Point;",
      "Lorg/eclipse/swt/widgets/Composite.checkSubclass()V",
      "Lorg/eclipse/swt/widgets/Widget.dispose()V"
    ]
  },
  {
    "frequency": 9,
    "overriddenMethods": [
      "Lorg/eclipse/swt/widgets/Widget.dispose()V"
    ]
  }
]