[
  {
    "frequency": 1,
    "overriddenMethods": [
      "Lorg/eclipse/swt/custom/CTabFolder2Adapter.close(Lorg/eclipse/swt/custom/CTabFolderEvent;)V",
      "Lorg/eclipse/swt/custom/CTabFolder2Adapter.maximize(Lorg/eclipse/swt/custom/CTabFolderEvent;)V",
      "Lorg/eclipse/swt/custom/CTabFolder2Adapter.minimize(Lorg/eclipse/swt/custom/CTabFolderEvent;)V",
      "Lorg/eclipse/swt/custom/CTabFolder2Adapter.restore(Lorg/eclipse/swt/custom/CTabFolderEvent;)V",
      "Lorg/eclipse/swt/custom/CTabFolder2Adapter.showList(Lorg/eclipse/swt/custom/CTabFolderEvent;)V"
    ]
  },
  {
    "frequency": 1,
    "overriddenMethods": [
      "Lorg/eclipse/swt/custom/CTabFolder2Adapter.close(Lorg/eclipse/swt/custom/CTabFolderEvent;)V",
      "Lorg/eclipse/swt/custom/CTabFolder2Adapter.showList(Lorg/eclipse/swt/custom/CTabFolderEvent;)V"
    ]
  },
  {
    "frequency": 3,
    "overriddenMethods": [
      "Lorg/eclipse/swt/custom/CTabFolder2Adapter.maximize(Lorg/eclipse/swt/custom/CTabFolderEvent;)V",
      "Lorg/eclipse/swt/custom/CTabFolder2Adapter.minimize(Lorg/eclipse/swt/custom/CTabFolderEvent;)V",
      "Lorg/eclipse/swt/custom/CTabFolder2Adapter.restore(Lorg/eclipse/swt/custom/CTabFolderEvent;)V"
    ]
  },
  {
    "frequency": 16,
    "overriddenMethods": [
      "Lorg/eclipse/swt/custom/CTabFolder2Adapter.close(Lorg/eclipse/swt/custom/CTabFolderEvent;)V"
    ]
  }
]