[
  {
    "frequency": 1,
    "overriddenMethods": [
      "Lorg/eclipse/swt/widgets/Control.setLayoutData(Ljava/lang/Object;)V"
    ]
  },
  {
    "frequency": 8,
    "overriddenMethods": []
  },
  {
    "frequency": 1,
    "overriddenMethods": [
      "Lorg/eclipse/swt/widgets/Composite.getClientArea()Lorg/eclipse/swt/graphics/Rectangle;",
      "Lorg/eclipse/swt/widgets/Composite.layout(Z)V"
    ]
  },
  {
    "frequency": 1,
    "overriddenMethods": [
      "Lorg/eclipse/swt/custom/SashForm.setMaximizedControl(Lorg/eclipse/swt/widgets/Control;)V"
    ]
  },
  {
    "frequency": 1,
    "overriddenMethods": [
      "Lorg/eclipse/swt/widgets/Composite.getChildren()[Lorg/eclipse/swt/widgets/Control;"
    ]
  },
  {
    "frequency": 2,
    "overriddenMethods": [
      "Lorg/eclipse/swt/custom/SashForm.getOrientation()I",
      "Lorg/eclipse/swt/custom/SashForm.setOrientation(I)V",
      "Lorg/eclipse/swt/widgets/Composite.layout(Z)V"
    ]
  },
  {
    "frequency": 1,
    "overriddenMethods": [
      "Lorg/eclipse/swt/widgets/Composite.computeSize(IIZ)Lorg/eclipse/swt/graphics/Point;"
    ]
  },
  {
    "frequency": 2,
    "overriddenMethods": [
      "Lorg/eclipse/swt/widgets/Composite.setFocus()Z"
    ]
  },
  {
    "frequency": 3,
    "overriddenMethods": [
      "Lorg/eclipse/swt/widgets/Composite.layout(Z)V"
    ]
  },
  {
    "frequency": 2,
    "overriddenMethods": [
      "Lorg/eclipse/swt/widgets/Widget.dispose()V"
    ]
  },
  {
    "frequency": 3,
    "overriddenMethods": [
      "Lorg/eclipse/swt/widgets/Composite.layout(Z)V",
      "Lorg/eclipse/swt/widgets/Composite.layout([Lorg/eclipse/swt/widgets/Control;)V"
    ]
  }
]