[
  {
    "frequency": 8,
    "overriddenMethods": []
  },
  {
    "frequency": 1,
    "overriddenMethods": [
      "Lorg/eclipse/swt/widgets/Composite.checkSubclass()V",
      "Lorg/eclipse/swt/widgets/Widget.dispose()V"
    ]
  },
  {
    "frequency": 2,
    "overriddenMethods": [
      "Lorg/eclipse/swt/widgets/Composite.computeSize(IIZ)Lorg/eclipse/swt/graphics/Point;"
    ]
  },
  {
    "frequency": 1,
    "overriddenMethods": [
      "Lorg/eclipse/swt/widgets/Composite.setFocus()Z"
    ]
  },
  {
    "frequency": 1,
    "overriddenMethods": [
      "Lorg/eclipse/swt/widgets/Control.setBackground(Lorg/eclipse/swt/graphics/Color;)V"
    ]
  },
  {
    "frequency": 3,
    "overriddenMethods": [
      "Lorg/eclipse/swt/widgets/Widget.dispose()V"
    ]
  }
]