[
  {
    "frequency": 1,
    "overriddenMethods": [
      "Lorg/eclipse/swt/custom/StyledText.paste()V"
    ]
  },
  {
    "frequency": 2,
    "overriddenMethods": []
  },
  {
    "frequency": 1,
    "overriddenMethods": [
      "Lorg/eclipse/swt/custom/StyledText.invokeAction(I)V",
      "Lorg/eclipse/swt/custom/StyledText.paste()V"
    ]
  },
  {
    "frequency": 1,
    "overriddenMethods": [
      "Lorg/eclipse/swt/widgets/Composite.setFocus()Z",
      "Lorg/eclipse/swt/widgets/Control.isFocusControl()Z"
    ]
  },
  {
    "frequency": 2,
    "overriddenMethods": [
      "Lorg/eclipse/swt/custom/StyledText.invokeAction(I)V"
    ]
  },
  {
    "frequency": 1,
    "overriddenMethods": [
      "Lorg/eclipse/swt/widgets/Composite.checkSubclass()V",
      "Lorg/eclipse/swt/widgets/Control.setBounds(IIII)V"
    ]
  },
  {
    "frequency": 1,
    "overriddenMethods": [
      "Lorg/eclipse/swt/custom/StyledText.copy()V",
      "Lorg/eclipse/swt/custom/StyledText.copy(I)V",
      "Lorg/eclipse/swt/custom/StyledText.cut()V",
      "Lorg/eclipse/swt/custom/StyledText.invokeAction(I)V",
      "Lorg/eclipse/swt/custom/StyledText.paste()V",
      "Lorg/eclipse/swt/custom/StyledText.setCaretOffset(I)V"
    ]
  },
  {
    "frequency": 1,
    "overriddenMethods": [
      "Lorg/eclipse/swt/custom/StyledText.getLineAtOffset(I)I",
      "Lorg/eclipse/swt/custom/StyledText.redrawRange(IIZ)V",
      "Lorg/eclipse/swt/widgets/Widget.dispose()V"
    ]
  },
  {
    "frequency": 3,
    "overriddenMethods": [
      "Lorg/eclipse/swt/widgets/Widget.dispose()V"
    ]
  }
]