[
  {
    "frequency": 3,
    "overriddenMethods": [
      "Lorg/eclipse/swt/custom/StyleRange.equals(Ljava/lang/Object;)Z",
      "Lorg/eclipse/swt/custom/StyleRange.hashCode()I",
      "Lorg/eclipse/swt/custom/StyleRange.similarTo(Lorg/eclipse/swt/custom/StyleRange;)Z"
    ]
  },
  {
    "frequency": 5,
    "overriddenMethods": []
  },
  {
    "frequency": 1,
    "overriddenMethods": [
      "Lorg/eclipse/swt/custom/StyleRange.similarTo(Lorg/eclipse/swt/custom/StyleRange;)Z"
    ]
  },
  {
    "frequency": 1,
    "overriddenMethods": [
      "Ljava/lang/Object.hashCode()I",
      "Ljava/lang/Object.toString()Ljava/lang/String;",
      "Lorg/eclipse/swt/custom/StyleRange.isUnstyled()Z",
      "Lorg/eclipse/swt/custom/StyleRange.similarTo(Lorg/eclipse/swt/custom/StyleRange;)Z"
    ]
  }
]